Source,Target,Date,Location,Weight
Drupal,Gephi,2011-01-01,"Stanford, California, United States",4
Drupal,Gephi,2012-01-01,"Hamburg, Germany",15
Drupal,Gephi,2013-01-01,"Lincoln, Nebraska, United States",35
Drupal,Gephi,2014-01-01,"Lausanne, Switzerland",23
Drupal,Gephi,2015-01-01,"Sydney, Australia",11
Drupal,Gephi,2016-01-01,"Kraków, Poland",43
Drupal,Gephi,2017-01-01,"Montréal, Canada",31
Drupal,Gephi,2018-01-01,"Mexico City, Mexico",8
Drupal,Gephi,2019-01-01,"Utrecht, Netherlands",15
Drupal,Gephi,2020-01-01,"Ottawa, Ontario, Canada",11
Drupal,Gephi,2022-01-01,"Tokyo, Japan",9
Drupal,Google Books,2009-01-01,"College Park, Maryland, United States",17
Drupal,Google Books,2010-01-01,"London, England, United Kingdom",5
Drupal,Google Books,2011-01-01,"Stanford, California, United States",13
Drupal,Google Books,2012-01-01,"Hamburg, Germany",26
Drupal,Google Books,2013-01-01,"Lincoln, Nebraska, United States",21
Drupal,Google Books,2014-01-01,"Lausanne, Switzerland",16
Drupal,Google Books,2015-01-01,"Sydney, Australia",15
Drupal,Google Books,2016-01-01,"Kraków, Poland",35
Drupal,Google Books,2017-01-01,"Montréal, Canada",6
Drupal,Google Books,2018-01-01,"Mexico City, Mexico",11
Drupal,Google Books,2019-01-01,"Utrecht, Netherlands",7
Drupal,Google Books,2020-01-01,"Ottawa, Ontario, Canada",9
Drupal,Google Books,2022-01-01,"Tokyo, Japan",6
Drupal,Neatline,2010-01-01,"London, England, United Kingdom",6
Drupal,Neatline,2012-01-01,"Hamburg, Germany",44
Drupal,Neatline,2013-01-01,"Lincoln, Nebraska, United States",32
Drupal,Neatline,2014-01-01,"Lausanne, Switzerland",18
Drupal,Neatline,2015-01-01,"Sydney, Australia",2
Drupal,Neatline,2016-01-01,"Kraków, Poland",29
Drupal,Neatline,2017-01-01,"Montréal, Canada",11
Drupal,Neatline,2018-01-01,"Mexico City, Mexico",4
Drupal,Neatline,2019-01-01,"Utrecht, Netherlands",4
Drupal,Palladio,2015-01-01,"Sydney, Australia",18
Drupal,Palladio,2016-01-01,"Kraków, Poland",22
Drupal,Palladio,2017-01-01,"Montréal, Canada",4
Drupal,Palladio,2018-01-01,"Mexico City, Mexico",2
Drupal,Palladio,2019-01-01,"Utrecht, Netherlands",4
Drupal,Palladio,2020-01-01,"Ottawa, Ontario, Canada",9
Drupal,Python,2009-01-01,"College Park, Maryland, United States",6
Drupal,Python,2010-01-01,"London, England, United Kingdom",5
Drupal,Python,2011-01-01,"Stanford, California, United States",2
Drupal,Python,2012-01-01,"Hamburg, Germany",14
Drupal,Python,2013-01-01,"Lincoln, Nebraska, United States",24
Drupal,Python,2014-01-01,"Lausanne, Switzerland",14
Drupal,Python,2015-01-01,"Sydney, Australia",11
Drupal,Python,2016-01-01,"Kraków, Poland",30
Drupal,Python,2017-01-01,"Montréal, Canada",24
Drupal,Python,2018-01-01,"Mexico City, Mexico",21
Drupal,Python,2019-01-01,"Utrecht, Netherlands",13
Drupal,Python,2020-01-01,"Ottawa, Ontario, Canada",19
Drupal,Python,2020-01-01,"Paderborn, Germany",2
Drupal,Python,2022-01-01,"Tokyo, Japan",34
Drupal,Scalar,2012-01-01,"Hamburg, Germany",22
Drupal,Scalar,2013-01-01,"Lincoln, Nebraska, United States",19
Drupal,Scalar,2014-01-01,"Lausanne, Switzerland",13
Drupal,Scalar,2015-01-01,"Sydney, Australia",3
Drupal,Scalar,2016-01-01,"Kraków, Poland",22
Drupal,Scalar,2017-01-01,"Montréal, Canada",9
Drupal,Scalar,2018-01-01,"Mexico City, Mexico",5
Drupal,Scalar,2019-01-01,"Utrecht, Netherlands",6
Drupal,Scalar,2022-01-01,"Tokyo, Japan",4
Drupal,StoryMapJS,2018-01-01,"Mexico City, Mexico",3
Drupal,TEI,2009-01-01,"College Park, Maryland, United States",148
Drupal,TEI,2010-01-01,"London, England, United Kingdom",142
Drupal,TEI,2011-01-01,"Stanford, California, United States",90
Drupal,TEI,2012-01-01,"Hamburg, Germany",161
Drupal,TEI,2013-01-01,"Lincoln, Nebraska, United States",180
Drupal,TEI,2014-01-01,"Lausanne, Switzerland",125
Drupal,TEI,2015-01-01,"Sydney, Australia",271
Drupal,TEI,2016-01-01,"Kraków, Poland",172
Drupal,TEI,2017-01-01,"Montréal, Canada",127
Drupal,TEI,2018-01-01,"Mexico City, Mexico",56
Drupal,TEI,2019-01-01,"Utrecht, Netherlands",283
Drupal,TEI,2020-01-01,"Ottawa, Ontario, Canada",44
Drupal,TEI,2022-01-01,"Tokyo, Japan",101
Drupal,Twitter,2009-01-01,"College Park, Maryland, United States",4
Drupal,Twitter,2010-01-01,"London, England, United Kingdom",23
Drupal,Twitter,2011-01-01,"Stanford, California, United States",22
Drupal,Twitter,2012-01-01,"Hamburg, Germany",14
Drupal,Twitter,2013-01-01,"Lincoln, Nebraska, United States",34
Drupal,Twitter,2014-01-01,"Lausanne, Switzerland",21
Drupal,Twitter,2015-01-01,"Sydney, Australia",24
Drupal,Twitter,2016-01-01,"Kraków, Poland",73
Drupal,Twitter,2017-01-01,"Montréal, Canada",47
Drupal,Twitter,2018-01-01,"Mexico City, Mexico",72
Drupal,Twitter,2019-01-01,"Utrecht, Netherlands",4
Drupal,Twitter,2020-01-01,"Ottawa, Ontario, Canada",34
Drupal,Twitter,2022-01-01,"Tokyo, Japan",16
Drupal,Voyant,2012-01-01,"Hamburg, Germany",23
Drupal,Voyant,2013-01-01,"Lincoln, Nebraska, United States",59
Drupal,Voyant,2014-01-01,"Lausanne, Switzerland",48
Drupal,Voyant,2015-01-01,"Sydney, Australia",41
Drupal,Voyant,2016-01-01,"Kraków, Poland",37
Drupal,Voyant,2017-01-01,"Montréal, Canada",33
Drupal,Voyant,2018-01-01,"Mexico City, Mexico",7
Drupal,Voyant,2019-01-01,"Utrecht, Netherlands",12
Drupal,Voyant,2020-01-01,"Ottawa, Ontario, Canada",9
Drupal,Voyant,2022-01-01,"Tokyo, Japan",31
Drupal,Voyant Tools,2013-01-01,"Lincoln, Nebraska, United States",21
Drupal,Voyant Tools,2014-01-01,"Lausanne, Switzerland",16
Drupal,Voyant Tools,2015-01-01,"Sydney, Australia",13
Drupal,Voyant Tools,2016-01-01,"Kraków, Poland",29
Drupal,Voyant Tools,2017-01-01,"Montréal, Canada",6
Drupal,Voyant Tools,2018-01-01,"Mexico City, Mexico",7
Drupal,Voyant Tools,2019-01-01,"Utrecht, Netherlands",9
Drupal,Voyant Tools,2022-01-01,"Tokyo, Japan",11
Drupal,WordPress,2009-01-01,"College Park, Maryland, United States",13
Drupal,WordPress,2010-01-01,"London, England, United Kingdom",7
Drupal,WordPress,2011-01-01,"Stanford, California, United States",4
Drupal,WordPress,2012-01-01,"Hamburg, Germany",15
Drupal,WordPress,2013-01-01,"Lincoln, Nebraska, United States",24
Drupal,WordPress,2014-01-01,"Lausanne, Switzerland",13
Drupal,WordPress,2015-01-01,"Sydney, Australia",4
Drupal,WordPress,2016-01-01,"Kraków, Poland",24
Drupal,WordPress,2017-01-01,"Montréal, Canada",9
Drupal,WordPress,2018-01-01,"Mexico City, Mexico",4
Drupal,WordPress,2019-01-01,"Utrecht, Netherlands",4
Drupal,WordPress,2020-01-01,"Ottawa, Ontario, Canada",9
Drupal,WordPress,2022-01-01,"Tokyo, Japan",6
Drupal,Zotero,2009-01-01,"College Park, Maryland, United States",40
Drupal,Zotero,2010-01-01,"London, England, United Kingdom",7
Drupal,Zotero,2011-01-01,"Stanford, California, United States",5
Drupal,Zotero,2012-01-01,"Hamburg, Germany",12
Drupal,Zotero,2013-01-01,"Lincoln, Nebraska, United States",25
Drupal,Zotero,2014-01-01,"Lausanne, Switzerland",16
Drupal,Zotero,2015-01-01,"Sydney, Australia",4
Drupal,Zotero,2016-01-01,"Kraków, Poland",27
Drupal,Zotero,2017-01-01,"Montréal, Canada",9
Drupal,Zotero,2018-01-01,"Mexico City, Mexico",2
Drupal,Zotero,2019-01-01,"Utrecht, Netherlands",4
Drupal,Zotero,2022-01-01,"Tokyo, Japan",9
Gephi,Drupal,2011-01-01,"Stanford, California, United States",4
Gephi,Drupal,2012-01-01,"Hamburg, Germany",15
Gephi,Drupal,2013-01-01,"Lincoln, Nebraska, United States",35
Gephi,Drupal,2014-01-01,"Lausanne, Switzerland",23
Gephi,Drupal,2015-01-01,"Sydney, Australia",11
Gephi,Drupal,2016-01-01,"Kraków, Poland",43
Gephi,Drupal,2017-01-01,"Montréal, Canada",31
Gephi,Drupal,2018-01-01,"Mexico City, Mexico",8
Gephi,Drupal,2019-01-01,"Utrecht, Netherlands",15
Gephi,Drupal,2020-01-01,"Ottawa, Ontario, Canada",11
Gephi,Drupal,2022-01-01,"Tokyo, Japan",9
Gephi,Google Books,2011-01-01,"Stanford, California, United States",15
Gephi,Google Books,2012-01-01,"Hamburg, Germany",19
Gephi,Google Books,2013-01-01,"Lincoln, Nebraska, United States",20
Gephi,Google Books,2014-01-01,"Lausanne, Switzerland",19
Gephi,Google Books,2015-01-01,"Sydney, Australia",24
Gephi,Google Books,2016-01-01,"Kraków, Poland",36
Gephi,Google Books,2017-01-01,"Montréal, Canada",31
Gephi,Google Books,2018-01-01,"Mexico City, Mexico",17
Gephi,Google Books,2019-01-01,"Utrecht, Netherlands",16
Gephi,Google Books,2020-01-01,"Ottawa, Ontario, Canada",4
Gephi,Google Books,2022-01-01,"Tokyo, Japan",9
Gephi,Neatline,2012-01-01,"Hamburg, Germany",37
Gephi,Neatline,2013-01-01,"Lincoln, Nebraska, United States",31
Gephi,Neatline,2014-01-01,"Lausanne, Switzerland",21
Gephi,Neatline,2015-01-01,"Sydney, Australia",11
Gephi,Neatline,2016-01-01,"Kraków, Poland",30
Gephi,Neatline,2017-01-01,"Montréal, Canada",36
Gephi,Neatline,2018-01-01,"Mexico City, Mexico",10
Gephi,Neatline,2019-01-01,"Utrecht, Netherlands",13
Gephi,Palladio,2015-01-01,"Sydney, Australia",27
Gephi,Palladio,2016-01-01,"Kraków, Poland",23
Gephi,Palladio,2017-01-01,"Montréal, Canada",29
Gephi,Palladio,2018-01-01,"Mexico City, Mexico",8
Gephi,Palladio,2019-01-01,"Utrecht, Netherlands",13
Gephi,Palladio,2020-01-01,"Ottawa, Ontario, Canada",4
Gephi,Python,2011-01-01,"Stanford, California, United States",4
Gephi,Python,2012-01-01,"Hamburg, Germany",7
Gephi,Python,2013-01-01,"Lincoln, Nebraska, United States",23
Gephi,Python,2014-01-01,"Lausanne, Switzerland",17
Gephi,Python,2015-01-01,"Sydney, Australia",20
Gephi,Python,2016-01-01,"Kraków, Poland",31
Gephi,Python,2017-01-01,"Montréal, Canada",49
Gephi,Python,2018-01-01,"Mexico City, Mexico",27
Gephi,Python,2019-01-01,"Utrecht, Netherlands",22
Gephi,Python,2020-01-01,"Ottawa, Ontario, Canada",14
Gephi,Python,2022-01-01,"Tokyo, Japan",37
Gephi,Scalar,2012-01-01,"Hamburg, Germany",15
Gephi,Scalar,2013-01-01,"Lincoln, Nebraska, United States",18
Gephi,Scalar,2014-01-01,"Lausanne, Switzerland",16
Gephi,Scalar,2015-01-01,"Sydney, Australia",12
Gephi,Scalar,2016-01-01,"Kraków, Poland",23
Gephi,Scalar,2017-01-01,"Montréal, Canada",34
Gephi,Scalar,2018-01-01,"Mexico City, Mexico",11
Gephi,Scalar,2019-01-01,"Utrecht, Netherlands",15
Gephi,Scalar,2022-01-01,"Tokyo, Japan",7
Gephi,StoryMapJS,2018-01-01,"Mexico City, Mexico",9
Gephi,TEI,2011-01-01,"Stanford, California, United States",92
Gephi,TEI,2012-01-01,"Hamburg, Germany",154
Gephi,TEI,2013-01-01,"Lincoln, Nebraska, United States",179
Gephi,TEI,2014-01-01,"Lausanne, Switzerland",128
Gephi,TEI,2015-01-01,"Sydney, Australia",280
Gephi,TEI,2016-01-01,"Kraków, Poland",173
Gephi,TEI,2017-01-01,"Montréal, Canada",152
Gephi,TEI,2018-01-01,"Mexico City, Mexico",62
Gephi,TEI,2019-01-01,"Utrecht, Netherlands",292
Gephi,TEI,2020-01-01,"Ottawa, Ontario, Canada",39
Gephi,TEI,2022-01-01,"Tokyo, Japan",104
Gephi,Twitter,2011-01-01,"Stanford, California, United States",24
Gephi,Twitter,2012-01-01,"Hamburg, Germany",7
Gephi,Twitter,2013-01-01,"Lincoln, Nebraska, United States",33
Gephi,Twitter,2014-01-01,"Lausanne, Switzerland",24
Gephi,Twitter,2015-01-01,"Sydney, Australia",33
Gephi,Twitter,2016-01-01,"Kraków, Poland",74
Gephi,Twitter,2017-01-01,"Montréal, Canada",72
Gephi,Twitter,2018-01-01,"Mexico City, Mexico",78
Gephi,Twitter,2019-01-01,"Utrecht, Netherlands",13
Gephi,Twitter,2020-01-01,"Ottawa, Ontario, Canada",29
Gephi,Twitter,2022-01-01,"Tokyo, Japan",19
Gephi,Voyant,2012-01-01,"Hamburg, Germany",16
Gephi,Voyant,2013-01-01,"Lincoln, Nebraska, United States",58
Gephi,Voyant,2014-01-01,"Lausanne, Switzerland",51
Gephi,Voyant,2015-01-01,"Sydney, Australia",50
Gephi,Voyant,2016-01-01,"Kraków, Poland",38
Gephi,Voyant,2017-01-01,"Montréal, Canada",58
Gephi,Voyant,2018-01-01,"Mexico City, Mexico",13
Gephi,Voyant,2019-01-01,"Utrecht, Netherlands",21
Gephi,Voyant,2020-01-01,"Ottawa, Ontario, Canada",4
Gephi,Voyant,2022-01-01,"Tokyo, Japan",34
Gephi,Voyant Tools,2013-01-01,"Lincoln, Nebraska, United States",20
Gephi,Voyant Tools,2014-01-01,"Lausanne, Switzerland",19
Gephi,Voyant Tools,2015-01-01,"Sydney, Australia",22
Gephi,Voyant Tools,2016-01-01,"Kraków, Poland",30
Gephi,Voyant Tools,2017-01-01,"Montréal, Canada",31
Gephi,Voyant Tools,2018-01-01,"Mexico City, Mexico",13
Gephi,Voyant Tools,2019-01-01,"Utrecht, Netherlands",18
Gephi,Voyant Tools,2022-01-01,"Tokyo, Japan",14
Gephi,WordPress,2011-01-01,"Stanford, California, United States",6
Gephi,WordPress,2012-01-01,"Hamburg, Germany",8
Gephi,WordPress,2013-01-01,"Lincoln, Nebraska, United States",23
Gephi,WordPress,2014-01-01,"Lausanne, Switzerland",16
Gephi,WordPress,2015-01-01,"Sydney, Australia",13
Gephi,WordPress,2016-01-01,"Kraków, Poland",25
Gephi,WordPress,2017-01-01,"Montréal, Canada",34
Gephi,WordPress,2018-01-01,"Mexico City, Mexico",10
Gephi,WordPress,2019-01-01,"Utrecht, Netherlands",13
Gephi,WordPress,2020-01-01,"Ottawa, Ontario, Canada",4
Gephi,WordPress,2022-01-01,"Tokyo, Japan",9
Gephi,Zotero,2011-01-01,"Stanford, California, United States",7
Gephi,Zotero,2012-01-01,"Hamburg, Germany",5
Gephi,Zotero,2013-01-01,"Lincoln, Nebraska, United States",24
Gephi,Zotero,2014-01-01,"Lausanne, Switzerland",19
Gephi,Zotero,2015-01-01,"Sydney, Australia",13
Gephi,Zotero,2016-01-01,"Kraków, Poland",28
Gephi,Zotero,2017-01-01,"Montréal, Canada",34
Gephi,Zotero,2018-01-01,"Mexico City, Mexico",8
Gephi,Zotero,2019-01-01,"Utrecht, Netherlands",13
Gephi,Zotero,2022-01-01,"Tokyo, Japan",12
Google Books,Drupal,2009-01-01,"College Park, Maryland, United States",17
Google Books,Drupal,2010-01-01,"London, England, United Kingdom",5
Google Books,Drupal,2011-01-01,"Stanford, California, United States",13
Google Books,Drupal,2012-01-01,"Hamburg, Germany",26
Google Books,Drupal,2013-01-01,"Lincoln, Nebraska, United States",21
Google Books,Drupal,2014-01-01,"Lausanne, Switzerland",16
Google Books,Drupal,2015-01-01,"Sydney, Australia",15
Google Books,Drupal,2016-01-01,"Kraków, Poland",35
Google Books,Drupal,2017-01-01,"Montréal, Canada",6
Google Books,Drupal,2018-01-01,"Mexico City, Mexico",11
Google Books,Drupal,2019-01-01,"Utrecht, Netherlands",7
Google Books,Drupal,2020-01-01,"Ottawa, Ontario, Canada",9
Google Books,Drupal,2022-01-01,"Tokyo, Japan",6
Google Books,Gephi,2011-01-01,"Stanford, California, United States",15
Google Books,Gephi,2012-01-01,"Hamburg, Germany",19
Google Books,Gephi,2013-01-01,"Lincoln, Nebraska, United States",20
Google Books,Gephi,2014-01-01,"Lausanne, Switzerland",19
Google Books,Gephi,2015-01-01,"Sydney, Australia",24
Google Books,Gephi,2016-01-01,"Kraków, Poland",36
Google Books,Gephi,2017-01-01,"Montréal, Canada",31
Google Books,Gephi,2018-01-01,"Mexico City, Mexico",17
Google Books,Gephi,2019-01-01,"Utrecht, Netherlands",16
Google Books,Gephi,2020-01-01,"Ottawa, Ontario, Canada",4
Google Books,Gephi,2022-01-01,"Tokyo, Japan",9
Google Books,Neatline,2010-01-01,"London, England, United Kingdom",3
Google Books,Neatline,2012-01-01,"Hamburg, Germany",48
Google Books,Neatline,2013-01-01,"Lincoln, Nebraska, United States",17
Google Books,Neatline,2014-01-01,"Lausanne, Switzerland",14
Google Books,Neatline,2015-01-01,"Sydney, Australia",15
Google Books,Neatline,2016-01-01,"Kraków, Poland",22
Google Books,Neatline,2017-01-01,"Montréal, Canada",11
Google Books,Neatline,2018-01-01,"Mexico City, Mexico",13
Google Books,Neatline,2019-01-01,"Utrecht, Netherlands",5
Google Books,Palladio,2015-01-01,"Sydney, Australia",31
Google Books,Palladio,2016-01-01,"Kraków, Poland",15
Google Books,Palladio,2017-01-01,"Montréal, Canada",4
Google Books,Palladio,2018-01-01,"Mexico City, Mexico",11
Google Books,Palladio,2019-01-01,"Utrecht, Netherlands",5
Google Books,Palladio,2020-01-01,"Ottawa, Ontario, Canada",2
Google Books,Python,2008-01-01,"Oulu, Finland",5
Google Books,Python,2009-01-01,"College Park, Maryland, United States",17
Google Books,Python,2010-01-01,"London, England, United Kingdom",2
Google Books,Python,2011-01-01,"Stanford, California, United States",13
Google Books,Python,2012-01-01,"Hamburg, Germany",18
Google Books,Python,2013-01-01,"Lincoln, Nebraska, United States",9
Google Books,Python,2014-01-01,"Lausanne, Switzerland",10
Google Books,Python,2015-01-01,"Sydney, Australia",24
Google Books,Python,2016-01-01,"Kraków, Poland",23
Google Books,Python,2017-01-01,"Montréal, Canada",24
Google Books,Python,2018-01-01,"Mexico City, Mexico",30
Google Books,Python,2019-01-01,"Utrecht, Netherlands",14
Google Books,Python,2020-01-01,"Ottawa, Ontario, Canada",12
Google Books,Python,2022-01-01,"Tokyo, Japan",34
Google Books,Scalar,2012-01-01,"Hamburg, Germany",26
Google Books,Scalar,2013-01-01,"Lincoln, Nebraska, United States",4
Google Books,Scalar,2014-01-01,"Lausanne, Switzerland",9
Google Books,Scalar,2015-01-01,"Sydney, Australia",16
Google Books,Scalar,2016-01-01,"Kraków, Poland",15
Google Books,Scalar,2017-01-01,"Montréal, Canada",9
Google Books,Scalar,2018-01-01,"Mexico City, Mexico",14
Google Books,Scalar,2019-01-01,"Utrecht, Netherlands",7
Google Books,Scalar,2022-01-01,"Tokyo, Japan",4
Google Books,StoryMapJS,2018-01-01,"Mexico City, Mexico",12
Google Books,TEI,2008-01-01,"Oulu, Finland",158
Google Books,TEI,2009-01-01,"College Park, Maryland, United States",159
Google Books,TEI,2010-01-01,"London, England, United Kingdom",139
Google Books,TEI,2011-01-01,"Stanford, California, United States",101
Google Books,TEI,2012-01-01,"Hamburg, Germany",165
Google Books,TEI,2013-01-01,"Lincoln, Nebraska, United States",165
Google Books,TEI,2014-01-01,"Lausanne, Switzerland",121
Google Books,TEI,2015-01-01,"Sydney, Australia",284
Google Books,TEI,2016-01-01,"Kraków, Poland",165
Google Books,TEI,2017-01-01,"Montréal, Canada",127
Google Books,TEI,2018-01-01,"Mexico City, Mexico",65
Google Books,TEI,2019-01-01,"Utrecht, Netherlands",284
Google Books,TEI,2020-01-01,"Ottawa, Ontario, Canada",37
Google Books,TEI,2022-01-01,"Tokyo, Japan",101
Google Books,Twitter,2009-01-01,"College Park, Maryland, United States",15
Google Books,Twitter,2010-01-01,"London, England, United Kingdom",20
Google Books,Twitter,2011-01-01,"Stanford, California, United States",33
Google Books,Twitter,2012-01-01,"Hamburg, Germany",18
Google Books,Twitter,2013-01-01,"Lincoln, Nebraska, United States",19
Google Books,Twitter,2014-01-01,"Lausanne, Switzerland",17
Google Books,Twitter,2015-01-01,"Sydney, Australia",37
Google Books,Twitter,2016-01-01,"Kraków, Poland",66
Google Books,Twitter,2017-01-01,"Montréal, Canada",47
Google Books,Twitter,2018-01-01,"Mexico City, Mexico",81
Google Books,Twitter,2019-01-01,"Utrecht, Netherlands",5
Google Books,Twitter,2020-01-01,"Ottawa, Ontario, Canada",27
Google Books,Twitter,2022-01-01,"Tokyo, Japan",16
Google Books,Voyant,2012-01-01,"Hamburg, Germany",27
Google Books,Voyant,2013-01-01,"Lincoln, Nebraska, United States",44
Google Books,Voyant,2014-01-01,"Lausanne, Switzerland",44
Google Books,Voyant,2015-01-01,"Sydney, Australia",54
Google Books,Voyant,2016-01-01,"Kraków, Poland",30
Google Books,Voyant,2017-01-01,"Montréal, Canada",33
Google Books,Voyant,2018-01-01,"Mexico City, Mexico",16
Google Books,Voyant,2019-01-01,"Utrecht, Netherlands",13
Google Books,Voyant,2020-01-01,"Ottawa, Ontario, Canada",2
Google Books,Voyant,2022-01-01,"Tokyo, Japan",31
Google Books,Voyant Tools,2013-01-01,"Lincoln, Nebraska, United States",6
Google Books,Voyant Tools,2014-01-01,"Lausanne, Switzerland",12
Google Books,Voyant Tools,2015-01-01,"Sydney, Australia",26
Google Books,Voyant Tools,2016-01-01,"Kraków, Poland",22
Google Books,Voyant Tools,2017-01-01,"Montréal, Canada",6
Google Books,Voyant Tools,2018-01-01,"Mexico City, Mexico",16
Google Books,Voyant Tools,2019-01-01,"Utrecht, Netherlands",10
Google Books,Voyant Tools,2022-01-01,"Tokyo, Japan",11
Google Books,WordPress,2009-01-01,"College Park, Maryland, United States",24
Google Books,WordPress,2010-01-01,"London, England, United Kingdom",4
Google Books,WordPress,2011-01-01,"Stanford, California, United States",15
Google Books,WordPress,2012-01-01,"Hamburg, Germany",19
Google Books,WordPress,2013-01-01,"Lincoln, Nebraska, United States",9
Google Books,WordPress,2014-01-01,"Lausanne, Switzerland",9
Google Books,WordPress,2015-01-01,"Sydney, Australia",17
Google Books,WordPress,2016-01-01,"Kraków, Poland",17
Google Books,WordPress,2017-01-01,"Montréal, Canada",9
Google Books,WordPress,2018-01-01,"Mexico City, Mexico",13
Google Books,WordPress,2019-01-01,"Utrecht, Netherlands",5
Google Books,WordPress,2020-01-01,"Ottawa, Ontario, Canada",2
Google Books,WordPress,2022-01-01,"Tokyo, Japan",6
Google Books,Zotero,2008-01-01,"Oulu, Finland",12
Google Books,Zotero,2009-01-01,"College Park, Maryland, United States",51
Google Books,Zotero,2010-01-01,"London, England, United Kingdom",4
Google Books,Zotero,2011-01-01,"Stanford, California, United States",16
Google Books,Zotero,2012-01-01,"Hamburg, Germany",16
Google Books,Zotero,2013-01-01,"Lincoln, Nebraska, United States",10
Google Books,Zotero,2014-01-01,"Lausanne, Switzerland",12
Google Books,Zotero,2015-01-01,"Sydney, Australia",17
Google Books,Zotero,2016-01-01,"Kraków, Poland",20
Google Books,Zotero,2017-01-01,"Montréal, Canada",9
Google Books,Zotero,2018-01-01,"Mexico City, Mexico",11
Google Books,Zotero,2019-01-01,"Utrecht, Netherlands",5
Google Books,Zotero,2022-01-01,"Tokyo, Japan",9
Neatline,Drupal,2010-01-01,"London, England, United Kingdom",6
Neatline,Drupal,2012-01-01,"Hamburg, Germany",44
Neatline,Drupal,2013-01-01,"Lincoln, Nebraska, United States",32
Neatline,Drupal,2014-01-01,"Lausanne, Switzerland",18
Neatline,Drupal,2015-01-01,"Sydney, Australia",2
Neatline,Drupal,2016-01-01,"Kraków, Poland",29
Neatline,Drupal,2017-01-01,"Montréal, Canada",11
Neatline,Drupal,2018-01-01,"Mexico City, Mexico",4
Neatline,Drupal,2019-01-01,"Utrecht, Netherlands",4
Neatline,Gephi,2012-01-01,"Hamburg, Germany",37
Neatline,Gephi,2013-01-01,"Lincoln, Nebraska, United States",31
Neatline,Gephi,2014-01-01,"Lausanne, Switzerland",21
Neatline,Gephi,2015-01-01,"Sydney, Australia",11
Neatline,Gephi,2016-01-01,"Kraków, Poland",30
Neatline,Gephi,2017-01-01,"Montréal, Canada",36
Neatline,Gephi,2018-01-01,"Mexico City, Mexico",10
Neatline,Gephi,2019-01-01,"Utrecht, Netherlands",13
Neatline,Google Books,2010-01-01,"London, England, United Kingdom",3
Neatline,Google Books,2012-01-01,"Hamburg, Germany",48
Neatline,Google Books,2013-01-01,"Lincoln, Nebraska, United States",17
Neatline,Google Books,2014-01-01,"Lausanne, Switzerland",14
Neatline,Google Books,2015-01-01,"Sydney, Australia",15
Neatline,Google Books,2016-01-01,"Kraków, Poland",22
Neatline,Google Books,2017-01-01,"Montréal, Canada",11
Neatline,Google Books,2018-01-01,"Mexico City, Mexico",13
Neatline,Google Books,2019-01-01,"Utrecht, Netherlands",5
Neatline,Palladio,2015-01-01,"Sydney, Australia",18
Neatline,Palladio,2016-01-01,"Kraków, Poland",9
Neatline,Palladio,2017-01-01,"Montréal, Canada",9
Neatline,Palladio,2018-01-01,"Mexico City, Mexico",4
Neatline,Palladio,2019-01-01,"Utrecht, Netherlands",2
Neatline,Python,2010-01-01,"London, England, United Kingdom",3
Neatline,Python,2012-01-01,"Hamburg, Germany",36
Neatline,Python,2013-01-01,"Lincoln, Nebraska, United States",20
Neatline,Python,2014-01-01,"Lausanne, Switzerland",12
Neatline,Python,2015-01-01,"Sydney, Australia",11
Neatline,Python,2016-01-01,"Kraków, Poland",17
Neatline,Python,2017-01-01,"Montréal, Canada",29
Neatline,Python,2018-01-01,"Mexico City, Mexico",23
Neatline,Python,2019-01-01,"Utrecht, Netherlands",11
Neatline,Scalar,2012-01-01,"Hamburg, Germany",44
Neatline,Scalar,2013-01-01,"Lincoln, Nebraska, United States",15
Neatline,Scalar,2014-01-01,"Lausanne, Switzerland",11
Neatline,Scalar,2015-01-01,"Sydney, Australia",3
Neatline,Scalar,2016-01-01,"Kraków, Poland",9
Neatline,Scalar,2017-01-01,"Montréal, Canada",14
Neatline,Scalar,2018-01-01,"Mexico City, Mexico",7
Neatline,Scalar,2019-01-01,"Utrecht, Netherlands",4
Neatline,StoryMapJS,2018-01-01,"Mexico City, Mexico",5
Neatline,TEI,2010-01-01,"London, England, United Kingdom",140
Neatline,TEI,2012-01-01,"Hamburg, Germany",183
Neatline,TEI,2013-01-01,"Lincoln, Nebraska, United States",176
Neatline,TEI,2014-01-01,"Lausanne, Switzerland",123
Neatline,TEI,2015-01-01,"Sydney, Australia",271
Neatline,TEI,2016-01-01,"Kraków, Poland",159
Neatline,TEI,2017-01-01,"Montréal, Canada",132
Neatline,TEI,2018-01-01,"Mexico City, Mexico",58
Neatline,TEI,2019-01-01,"Utrecht, Netherlands",281
Neatline,Twitter,2010-01-01,"London, England, United Kingdom",21
Neatline,Twitter,2012-01-01,"Hamburg, Germany",36
Neatline,Twitter,2013-01-01,"Lincoln, Nebraska, United States",30
Neatline,Twitter,2014-01-01,"Lausanne, Switzerland",19
Neatline,Twitter,2015-01-01,"Sydney, Australia",24
Neatline,Twitter,2016-01-01,"Kraków, Poland",60
Neatline,Twitter,2017-01-01,"Montréal, Canada",52
Neatline,Twitter,2018-01-01,"Mexico City, Mexico",74
Neatline,Twitter,2019-01-01,"Utrecht, Netherlands",2
Neatline,Voyant,2012-01-01,"Hamburg, Germany",45
Neatline,Voyant,2013-01-01,"Lincoln, Nebraska, United States",55
Neatline,Voyant,2014-01-01,"Lausanne, Switzerland",46
Neatline,Voyant,2015-01-01,"Sydney, Australia",41
Neatline,Voyant,2016-01-01,"Kraków, Poland",24
Neatline,Voyant,2017-01-01,"Montréal, Canada",38
Neatline,Voyant,2018-01-01,"Mexico City, Mexico",9
Neatline,Voyant,2019-01-01,"Utrecht, Netherlands",10
Neatline,Voyant Tools,2013-01-01,"Lincoln, Nebraska, United States",17
Neatline,Voyant Tools,2014-01-01,"Lausanne, Switzerland",14
Neatline,Voyant Tools,2015-01-01,"Sydney, Australia",13
Neatline,Voyant Tools,2016-01-01,"Kraków, Poland",16
Neatline,Voyant Tools,2017-01-01,"Montréal, Canada",11
Neatline,Voyant Tools,2018-01-01,"Mexico City, Mexico",9
Neatline,Voyant Tools,2019-01-01,"Utrecht, Netherlands",7
Neatline,WordPress,2010-01-01,"London, England, United Kingdom",5
Neatline,WordPress,2012-01-01,"Hamburg, Germany",37
Neatline,WordPress,2013-01-01,"Lincoln, Nebraska, United States",20
Neatline,WordPress,2014-01-01,"Lausanne, Switzerland",11
Neatline,WordPress,2015-01-01,"Sydney, Australia",4
Neatline,WordPress,2016-01-01,"Kraków, Poland",11
Neatline,WordPress,2017-01-01,"Montréal, Canada",14
Neatline,WordPress,2018-01-01,"Mexico City, Mexico",6
Neatline,WordPress,2019-01-01,"Utrecht, Netherlands",2
Neatline,Zotero,2010-01-01,"London, England, United Kingdom",5
Neatline,Zotero,2012-01-01,"Hamburg, Germany",34
Neatline,Zotero,2013-01-01,"Lincoln, Nebraska, United States",21
Neatline,Zotero,2014-01-01,"Lausanne, Switzerland",14
Neatline,Zotero,2015-01-01,"Sydney, Australia",4
Neatline,Zotero,2016-01-01,"Kraków, Poland",14
Neatline,Zotero,2017-01-01,"Montréal, Canada",14
Neatline,Zotero,2018-01-01,"Mexico City, Mexico",4
Neatline,Zotero,2019-01-01,"Utrecht, Netherlands",2
Palladio,Drupal,2015-01-01,"Sydney, Australia",18
Palladio,Drupal,2016-01-01,"Kraków, Poland",22
Palladio,Drupal,2017-01-01,"Montréal, Canada",4
Palladio,Drupal,2018-01-01,"Mexico City, Mexico",2
Palladio,Drupal,2019-01-01,"Utrecht, Netherlands",4
Palladio,Drupal,2020-01-01,"Ottawa, Ontario, Canada",9
Palladio,Gephi,2015-01-01,"Sydney, Australia",27
Palladio,Gephi,2016-01-01,"Kraków, Poland",23
Palladio,Gephi,2017-01-01,"Montréal, Canada",29
Palladio,Gephi,2018-01-01,"Mexico City, Mexico",8
Palladio,Gephi,2019-01-01,"Utrecht, Netherlands",13
Palladio,Gephi,2020-01-01,"Ottawa, Ontario, Canada",4
Palladio,Google Books,2015-01-01,"Sydney, Australia",31
Palladio,Google Books,2016-01-01,"Kraków, Poland",15
Palladio,Google Books,2017-01-01,"Montréal, Canada",4
Palladio,Google Books,2018-01-01,"Mexico City, Mexico",11
Palladio,Google Books,2019-01-01,"Utrecht, Netherlands",5
Palladio,Google Books,2020-01-01,"Ottawa, Ontario, Canada",2
Palladio,Neatline,2015-01-01,"Sydney, Australia",18
Palladio,Neatline,2016-01-01,"Kraków, Poland",9
Palladio,Neatline,2017-01-01,"Montréal, Canada",9
Palladio,Neatline,2018-01-01,"Mexico City, Mexico",4
Palladio,Neatline,2019-01-01,"Utrecht, Netherlands",2
Palladio,Python,2015-01-01,"Sydney, Australia",27
Palladio,Python,2016-01-01,"Kraków, Poland",10
Palladio,Python,2017-01-01,"Montréal, Canada",22
Palladio,Python,2018-01-01,"Mexico City, Mexico",21
Palladio,Python,2019-01-01,"Utrecht, Netherlands",11
Palladio,Python,2020-01-01,"Ottawa, Ontario, Canada",12
Palladio,Scalar,2015-01-01,"Sydney, Australia",19
Palladio,Scalar,2016-01-01,"Kraków, Poland",2
Palladio,Scalar,2017-01-01,"Montréal, Canada",7
Palladio,Scalar,2018-01-01,"Mexico City, Mexico",5
Palladio,Scalar,2019-01-01,"Utrecht, Netherlands",4
Palladio,StoryMapJS,2018-01-01,"Mexico City, Mexico",3
Palladio,TEI,2015-01-01,"Sydney, Australia",287
Palladio,TEI,2016-01-01,"Kraków, Poland",152
Palladio,TEI,2017-01-01,"Montréal, Canada",125
Palladio,TEI,2018-01-01,"Mexico City, Mexico",56
Palladio,TEI,2019-01-01,"Utrecht, Netherlands",281
Palladio,TEI,2020-01-01,"Ottawa, Ontario, Canada",37
Palladio,Twitter,2015-01-01,"Sydney, Australia",40
Palladio,Twitter,2016-01-01,"Kraków, Poland",53
Palladio,Twitter,2017-01-01,"Montréal, Canada",45
Palladio,Twitter,2018-01-01,"Mexico City, Mexico",72
Palladio,Twitter,2019-01-01,"Utrecht, Netherlands",2
Palladio,Twitter,2020-01-01,"Ottawa, Ontario, Canada",27
Palladio,Voyant,2015-01-01,"Sydney, Australia",57
Palladio,Voyant,2016-01-01,"Kraków, Poland",17
Palladio,Voyant,2017-01-01,"Montréal, Canada",31
Palladio,Voyant,2018-01-01,"Mexico City, Mexico",7
Palladio,Voyant,2019-01-01,"Utrecht, Netherlands",10
Palladio,Voyant,2020-01-01,"Ottawa, Ontario, Canada",2
Palladio,Voyant Tools,2015-01-01,"Sydney, Australia",29
Palladio,Voyant Tools,2016-01-01,"Kraków, Poland",9
Palladio,Voyant Tools,2017-01-01,"Montréal, Canada",4
Palladio,Voyant Tools,2018-01-01,"Mexico City, Mexico",7
Palladio,Voyant Tools,2019-01-01,"Utrecht, Netherlands",7
Palladio,WordPress,2015-01-01,"Sydney, Australia",20
Palladio,WordPress,2016-01-01,"Kraków, Poland",4
Palladio,WordPress,2017-01-01,"Montréal, Canada",7
Palladio,WordPress,2018-01-01,"Mexico City, Mexico",4
Palladio,WordPress,2019-01-01,"Utrecht, Netherlands",2
Palladio,WordPress,2020-01-01,"Ottawa, Ontario, Canada",2
Palladio,Zotero,2015-01-01,"Sydney, Australia",20
Palladio,Zotero,2016-01-01,"Kraków, Poland",7
Palladio,Zotero,2017-01-01,"Montréal, Canada",7
Palladio,Zotero,2018-01-01,"Mexico City, Mexico",2
Palladio,Zotero,2019-01-01,"Utrecht, Netherlands",2
Python,Drupal,2009-01-01,"College Park, Maryland, United States",6
Python,Drupal,2010-01-01,"London, England, United Kingdom",5
Python,Drupal,2011-01-01,"Stanford, California, United States",2
Python,Drupal,2012-01-01,"Hamburg, Germany",14
Python,Drupal,2013-01-01,"Lincoln, Nebraska, United States",24
Python,Drupal,2014-01-01,"Lausanne, Switzerland",14
Python,Drupal,2015-01-01,"Sydney, Australia",11
Python,Drupal,2016-01-01,"Kraków, Poland",30
Python,Drupal,2017-01-01,"Montréal, Canada",24
Python,Drupal,2018-01-01,"Mexico City, Mexico",21
Python,Drupal,2019-01-01,"Utrecht, Netherlands",13
Python,Drupal,2020-01-01,"Ottawa, Ontario, Canada",19
Python,Drupal,2020-01-01,"Paderborn, Germany",2
Python,Drupal,2022-01-01,"Tokyo, Japan",34
Python,Gephi,2011-01-01,"Stanford, California, United States",4
Python,Gephi,2012-01-01,"Hamburg, Germany",7
Python,Gephi,2013-01-01,"Lincoln, Nebraska, United States",23
Python,Gephi,2014-01-01,"Lausanne, Switzerland",17
Python,Gephi,2015-01-01,"Sydney, Australia",20
Python,Gephi,2016-01-01,"Kraków, Poland",31
Python,Gephi,2017-01-01,"Montréal, Canada",49
Python,Gephi,2018-01-01,"Mexico City, Mexico",27
Python,Gephi,2019-01-01,"Utrecht, Netherlands",22
Python,Gephi,2020-01-01,"Ottawa, Ontario, Canada",14
Python,Gephi,2022-01-01,"Tokyo, Japan",37
Python,Google Books,2008-01-01,"Oulu, Finland",5
Python,Google Books,2009-01-01,"College Park, Maryland, United States",17
Python,Google Books,2010-01-01,"London, England, United Kingdom",2
Python,Google Books,2011-01-01,"Stanford, California, United States",13
Python,Google Books,2012-01-01,"Hamburg, Germany",18
Python,Google Books,2013-01-01,"Lincoln, Nebraska, United States",9
Python,Google Books,2014-01-01,"Lausanne, Switzerland",10
Python,Google Books,2015-01-01,"Sydney, Australia",24
Python,Google Books,2016-01-01,"Kraków, Poland",23
Python,Google Books,2017-01-01,"Montréal, Canada",24
Python,Google Books,2018-01-01,"Mexico City, Mexico",30
Python,Google Books,2019-01-01,"Utrecht, Netherlands",14
Python,Google Books,2020-01-01,"Ottawa, Ontario, Canada",12
Python,Google Books,2022-01-01,"Tokyo, Japan",34
Python,Neatline,2010-01-01,"London, England, United Kingdom",3
Python,Neatline,2012-01-01,"Hamburg, Germany",36
Python,Neatline,2013-01-01,"Lincoln, Nebraska, United States",20
Python,Neatline,2014-01-01,"Lausanne, Switzerland",12
Python,Neatline,2015-01-01,"Sydney, Australia",11
Python,Neatline,2016-01-01,"Kraków, Poland",17
Python,Neatline,2017-01-01,"Montréal, Canada",29
Python,Neatline,2018-01-01,"Mexico City, Mexico",23
Python,Neatline,2019-01-01,"Utrecht, Netherlands",11
Python,Palladio,2015-01-01,"Sydney, Australia",27
Python,Palladio,2016-01-01,"Kraków, Poland",10
Python,Palladio,2017-01-01,"Montréal, Canada",22
Python,Palladio,2018-01-01,"Mexico City, Mexico",21
Python,Palladio,2019-01-01,"Utrecht, Netherlands",11
Python,Palladio,2020-01-01,"Ottawa, Ontario, Canada",12
Python,Scalar,2012-01-01,"Hamburg, Germany",14
Python,Scalar,2013-01-01,"Lincoln, Nebraska, United States",7
Python,Scalar,2014-01-01,"Lausanne, Switzerland",7
Python,Scalar,2015-01-01,"Sydney, Australia",12
Python,Scalar,2016-01-01,"Kraków, Poland",10
Python,Scalar,2017-01-01,"Montréal, Canada",27
Python,Scalar,2018-01-01,"Mexico City, Mexico",24
Python,Scalar,2019-01-01,"Utrecht, Netherlands",13
Python,Scalar,2022-01-01,"Tokyo, Japan",32
Python,StoryMapJS,2018-01-01,"Mexico City, Mexico",22
Python,TEI,2000-01-01,"Glasgow, Scotland, United Kingdom",64
Python,TEI,2003-01-01,"Athens, Georgia, United States",84
Python,TEI,2004-01-01,"Gothenborg, Sweden",174
Python,TEI,2005-01-01,"Victoria, British Columbia, Canada",158
Python,TEI,2007-01-01,"Urbana-Champaign, Illinois, United States",115
Python,TEI,2008-01-01,"Oulu, Finland",155
Python,TEI,2009-01-01,"College Park, Maryland, United States",148
Python,TEI,2010-01-01,"London, England, United Kingdom",139
Python,TEI,2011-01-01,"Stanford, California, United States",90
Python,TEI,2012-01-01,"Hamburg, Germany",153
Python,TEI,2013-01-01,"Lincoln, Nebraska, United States",168
Python,TEI,2014-01-01,"Lausanne, Switzerland",119
Python,TEI,2015-01-01,"Sydney, Australia",280
Python,TEI,2016-01-01,"Kraków, Poland",160
Python,TEI,2017-01-01,"Montréal, Canada",145
Python,TEI,2018-01-01,"Mexico City, Mexico",75
Python,TEI,2019-01-01,"Utrecht, Netherlands",290
Python,TEI,2020-01-01,"Ottawa, Ontario, Canada",47
Python,TEI,2022-01-01,"Tokyo, Japan",129
Python,Twitter,2009-01-01,"College Park, Maryland, United States",4
Python,Twitter,2010-01-01,"London, England, United Kingdom",20
Python,Twitter,2011-01-01,"Stanford, California, United States",22
Python,Twitter,2012-01-01,"Hamburg, Germany",6
Python,Twitter,2013-01-01,"Lincoln, Nebraska, United States",22
Python,Twitter,2014-01-01,"Lausanne, Switzerland",15
Python,Twitter,2015-01-01,"Sydney, Australia",33
Python,Twitter,2016-01-01,"Kraków, Poland",61
Python,Twitter,2017-01-01,"Montréal, Canada",65
Python,Twitter,2018-01-01,"Mexico City, Mexico",91
Python,Twitter,2019-01-01,"Utrecht, Netherlands",11
Python,Twitter,2020-01-01,"Ottawa, Ontario, Canada",37
Python,Twitter,2022-01-01,"Tokyo, Japan",44
Python,Voyant,2012-01-01,"Hamburg, Germany",15
Python,Voyant,2013-01-01,"Lincoln, Nebraska, United States",47
Python,Voyant,2014-01-01,"Lausanne, Switzerland",42
Python,Voyant,2015-01-01,"Sydney, Australia",50
Python,Voyant,2016-01-01,"Kraków, Poland",25
Python,Voyant,2017-01-01,"Montréal, Canada",51
Python,Voyant,2018-01-01,"Mexico City, Mexico",26
Python,Voyant,2019-01-01,"Utrecht, Netherlands",19
Python,Voyant,2020-01-01,"Ottawa, Ontario, Canada",12
Python,Voyant,2022-01-01,"Tokyo, Japan",59
Python,Voyant Tools,2013-01-01,"Lincoln, Nebraska, United States",9
Python,Voyant Tools,2014-01-01,"Lausanne, Switzerland",10
Python,Voyant Tools,2015-01-01,"Sydney, Australia",22
Python,Voyant Tools,2016-01-01,"Kraków, Poland",17
Python,Voyant Tools,2017-01-01,"Montréal, Canada",24
Python,Voyant Tools,2018-01-01,"Mexico City, Mexico",26
Python,Voyant Tools,2019-01-01,"Utrecht, Netherlands",16
Python,Voyant Tools,2022-01-01,"Tokyo, Japan",39
Python,WordPress,2009-01-01,"College Park, Maryland, United States",13
Python,WordPress,2010-01-01,"London, England, United Kingdom",4
Python,WordPress,2011-01-01,"Stanford, California, United States",4
Python,WordPress,2012-01-01,"Hamburg, Germany",7
Python,WordPress,2013-01-01,"Lincoln, Nebraska, United States",12
Python,WordPress,2014-01-01,"Lausanne, Switzerland",7
Python,WordPress,2015-01-01,"Sydney, Australia",13
Python,WordPress,2016-01-01,"Kraków, Poland",12
Python,WordPress,2017-01-01,"Montréal, Canada",27
Python,WordPress,2018-01-01,"Mexico City, Mexico",23
Python,WordPress,2019-01-01,"Utrecht, Netherlands",11
Python,WordPress,2020-01-01,"Ottawa, Ontario, Canada",12
Python,WordPress,2022-01-01,"Tokyo, Japan",34
Python,Zotero,2007-01-01,"Urbana-Champaign, Illinois, United States",2
Python,Zotero,2008-01-01,"Oulu, Finland",9
Python,Zotero,2009-01-01,"College Park, Maryland, United States",40
Python,Zotero,2010-01-01,"London, England, United Kingdom",4
Python,Zotero,2011-01-01,"Stanford, California, United States",5
Python,Zotero,2012-01-01,"Hamburg, Germany",4
Python,Zotero,2013-01-01,"Lincoln, Nebraska, United States",13
Python,Zotero,2014-01-01,"Lausanne, Switzerland",10
Python,Zotero,2015-01-01,"Sydney, Australia",13
Python,Zotero,2016-01-01,"Kraków, Poland",15
Python,Zotero,2017-01-01,"Montréal, Canada",27
Python,Zotero,2018-01-01,"Mexico City, Mexico",21
Python,Zotero,2019-01-01,"Utrecht, Netherlands",11
Python,Zotero,2022-01-01,"Tokyo, Japan",37
Scalar,Drupal,2012-01-01,"Hamburg, Germany",22
Scalar,Drupal,2013-01-01,"Lincoln, Nebraska, United States",19
Scalar,Drupal,2014-01-01,"Lausanne, Switzerland",13
Scalar,Drupal,2015-01-01,"Sydney, Australia",3
Scalar,Drupal,2016-01-01,"Kraków, Poland",22
Scalar,Drupal,2017-01-01,"Montréal, Canada",9
Scalar,Drupal,2018-01-01,"Mexico City, Mexico",5
Scalar,Drupal,2019-01-01,"Utrecht, Netherlands",6
Scalar,Drupal,2022-01-01,"Tokyo, Japan",4
Scalar,Gephi,2012-01-01,"Hamburg, Germany",15
Scalar,Gephi,2013-01-01,"Lincoln, Nebraska, United States",18
Scalar,Gephi,2014-01-01,"Lausanne, Switzerland",16
Scalar,Gephi,2015-01-01,"Sydney, Australia",12
Scalar,Gephi,2016-01-01,"Kraków, Poland",23
Scalar,Gephi,2017-01-01,"Montréal, Canada",34
Scalar,Gephi,2018-01-01,"Mexico City, Mexico",11
Scalar,Gephi,2019-01-01,"Utrecht, Netherlands",15
Scalar,Gephi,2022-01-01,"Tokyo, Japan",7
Scalar,Google Books,2012-01-01,"Hamburg, Germany",26
Scalar,Google Books,2013-01-01,"Lincoln, Nebraska, United States",4
Scalar,Google Books,2014-01-01,"Lausanne, Switzerland",9
Scalar,Google Books,2015-01-01,"Sydney, Australia",16
Scalar,Google Books,2016-01-01,"Kraków, Poland",15
Scalar,Google Books,2017-01-01,"Montréal, Canada",9
Scalar,Google Books,2018-01-01,"Mexico City, Mexico",14
Scalar,Google Books,2019-01-01,"Utrecht, Netherlands",7
Scalar,Google Books,2022-01-01,"Tokyo, Japan",4
Scalar,Neatline,2012-01-01,"Hamburg, Germany",44
Scalar,Neatline,2013-01-01,"Lincoln, Nebraska, United States",15
Scalar,Neatline,2014-01-01,"Lausanne, Switzerland",11
Scalar,Neatline,2015-01-01,"Sydney, Australia",3
Scalar,Neatline,2016-01-01,"Kraków, Poland",9
Scalar,Neatline,2017-01-01,"Montréal, Canada",14
Scalar,Neatline,2018-01-01,"Mexico City, Mexico",7
Scalar,Neatline,2019-01-01,"Utrecht, Netherlands",4
Scalar,Palladio,2015-01-01,"Sydney, Australia",19
Scalar,Palladio,2016-01-01,"Kraków, Poland",2
Scalar,Palladio,2017-01-01,"Montréal, Canada",7
Scalar,Palladio,2018-01-01,"Mexico City, Mexico",5
Scalar,Palladio,2019-01-01,"Utrecht, Netherlands",4
Scalar,Python,2012-01-01,"Hamburg, Germany",14
Scalar,Python,2013-01-01,"Lincoln, Nebraska, United States",7
Scalar,Python,2014-01-01,"Lausanne, Switzerland",7
Scalar,Python,2015-01-01,"Sydney, Australia",12
Scalar,Python,2016-01-01,"Kraków, Poland",10
Scalar,Python,2017-01-01,"Montréal, Canada",27
Scalar,Python,2018-01-01,"Mexico City, Mexico",24
Scalar,Python,2019-01-01,"Utrecht, Netherlands",13
Scalar,Python,2022-01-01,"Tokyo, Japan",32
Scalar,StoryMapJS,2018-01-01,"Mexico City, Mexico",6
Scalar,TEI,2012-01-01,"Hamburg, Germany",161
Scalar,TEI,2013-01-01,"Lincoln, Nebraska, United States",163
Scalar,TEI,2014-01-01,"Lausanne, Switzerland",118
Scalar,TEI,2015-01-01,"Sydney, Australia",272
Scalar,TEI,2016-01-01,"Kraków, Poland",152
Scalar,TEI,2017-01-01,"Montréal, Canada",130
Scalar,TEI,2018-01-01,"Mexico City, Mexico",59
Scalar,TEI,2019-01-01,"Utrecht, Netherlands",283
Scalar,TEI,2022-01-01,"Tokyo, Japan",99
Scalar,Twitter,2012-01-01,"Hamburg, Germany",14
Scalar,Twitter,2013-01-01,"Lincoln, Nebraska, United States",17
Scalar,Twitter,2014-01-01,"Lausanne, Switzerland",14
Scalar,Twitter,2015-01-01,"Sydney, Australia",25
Scalar,Twitter,2016-01-01,"Kraków, Poland",53
Scalar,Twitter,2017-01-01,"Montréal, Canada",50
Scalar,Twitter,2018-01-01,"Mexico City, Mexico",75
Scalar,Twitter,2019-01-01,"Utrecht, Netherlands",4
Scalar,Twitter,2022-01-01,"Tokyo, Japan",14
Scalar,Voyant,2012-01-01,"Hamburg, Germany",23
Scalar,Voyant,2013-01-01,"Lincoln, Nebraska, United States",42
Scalar,Voyant,2014-01-01,"Lausanne, Switzerland",41
Scalar,Voyant,2015-01-01,"Sydney, Australia",42
Scalar,Voyant,2016-01-01,"Kraków, Poland",17
Scalar,Voyant,2017-01-01,"Montréal, Canada",36
Scalar,Voyant,2018-01-01,"Mexico City, Mexico",10
Scalar,Voyant,2019-01-01,"Utrecht, Netherlands",12
Scalar,Voyant,2022-01-01,"Tokyo, Japan",29
Scalar,Voyant Tools,2013-01-01,"Lincoln, Nebraska, United States",4
Scalar,Voyant Tools,2014-01-01,"Lausanne, Switzerland",9
Scalar,Voyant Tools,2015-01-01,"Sydney, Australia",14
Scalar,Voyant Tools,2016-01-01,"Kraków, Poland",9
Scalar,Voyant Tools,2017-01-01,"Montréal, Canada",9
Scalar,Voyant Tools,2018-01-01,"Mexico City, Mexico",10
Scalar,Voyant Tools,2019-01-01,"Utrecht, Netherlands",9
Scalar,Voyant Tools,2022-01-01,"Tokyo, Japan",9
Scalar,WordPress,2012-01-01,"Hamburg, Germany",15
Scalar,WordPress,2013-01-01,"Lincoln, Nebraska, United States",7
Scalar,WordPress,2014-01-01,"Lausanne, Switzerland",6
Scalar,WordPress,2015-01-01,"Sydney, Australia",5
Scalar,WordPress,2016-01-01,"Kraków, Poland",4
Scalar,WordPress,2017-01-01,"Montréal, Canada",12
Scalar,WordPress,2018-01-01,"Mexico City, Mexico",7
Scalar,WordPress,2019-01-01,"Utrecht, Netherlands",4
Scalar,WordPress,2022-01-01,"Tokyo, Japan",4
Scalar,Zotero,2012-01-01,"Hamburg, Germany",12
Scalar,Zotero,2013-01-01,"Lincoln, Nebraska, United States",8
Scalar,Zotero,2014-01-01,"Lausanne, Switzerland",9
Scalar,Zotero,2015-01-01,"Sydney, Australia",5
Scalar,Zotero,2016-01-01,"Kraków, Poland",7
Scalar,Zotero,2017-01-01,"Montréal, Canada",12
Scalar,Zotero,2018-01-01,"Mexico City, Mexico",5
Scalar,Zotero,2019-01-01,"Utrecht, Netherlands",4
Scalar,Zotero,2022-01-01,"Tokyo, Japan",7
StoryMapJS,Drupal,2018-01-01,"Mexico City, Mexico",3
StoryMapJS,Gephi,2018-01-01,"Mexico City, Mexico",9
StoryMapJS,Google Books,2018-01-01,"Mexico City, Mexico",12
StoryMapJS,Neatline,2018-01-01,"Mexico City, Mexico",5
StoryMapJS,Palladio,2018-01-01,"Mexico City, Mexico",3
StoryMapJS,Python,2018-01-01,"Mexico City, Mexico",22
StoryMapJS,Scalar,2018-01-01,"Mexico City, Mexico",6
StoryMapJS,TEI,2018-01-01,"Mexico City, Mexico",57
StoryMapJS,Twitter,2018-01-01,"Mexico City, Mexico",73
StoryMapJS,Voyant,2018-01-01,"Mexico City, Mexico",8
StoryMapJS,Voyant Tools,2018-01-01,"Mexico City, Mexico",8
StoryMapJS,WordPress,2018-01-01,"Mexico City, Mexico",5
StoryMapJS,Zotero,2018-01-01,"Mexico City, Mexico",3
TEI,Drupal,2009-01-01,"College Park, Maryland, United States",148
TEI,Drupal,2010-01-01,"London, England, United Kingdom",142
TEI,Drupal,2011-01-01,"Stanford, California, United States",90
TEI,Drupal,2012-01-01,"Hamburg, Germany",161
TEI,Drupal,2013-01-01,"Lincoln, Nebraska, United States",180
TEI,Drupal,2014-01-01,"Lausanne, Switzerland",125
TEI,Drupal,2015-01-01,"Sydney, Australia",271
TEI,Drupal,2016-01-01,"Kraków, Poland",172
TEI,Drupal,2017-01-01,"Montréal, Canada",127
TEI,Drupal,2018-01-01,"Mexico City, Mexico",56
TEI,Drupal,2019-01-01,"Utrecht, Netherlands",283
TEI,Drupal,2020-01-01,"Ottawa, Ontario, Canada",44
TEI,Drupal,2022-01-01,"Tokyo, Japan",101
TEI,Gephi,2011-01-01,"Stanford, California, United States",92
TEI,Gephi,2012-01-01,"Hamburg, Germany",154
TEI,Gephi,2013-01-01,"Lincoln, Nebraska, United States",179
TEI,Gephi,2014-01-01,"Lausanne, Switzerland",128
TEI,Gephi,2015-01-01,"Sydney, Australia",280
TEI,Gephi,2016-01-01,"Kraków, Poland",173
TEI,Gephi,2017-01-01,"Montréal, Canada",152
TEI,Gephi,2018-01-01,"Mexico City, Mexico",62
TEI,Gephi,2019-01-01,"Utrecht, Netherlands",292
TEI,Gephi,2020-01-01,"Ottawa, Ontario, Canada",39
TEI,Gephi,2022-01-01,"Tokyo, Japan",104
TEI,Google Books,2008-01-01,"Oulu, Finland",158
TEI,Google Books,2009-01-01,"College Park, Maryland, United States",159
TEI,Google Books,2010-01-01,"London, England, United Kingdom",139
TEI,Google Books,2011-01-01,"Stanford, California, United States",101
TEI,Google Books,2012-01-01,"Hamburg, Germany",165
TEI,Google Books,2013-01-01,"Lincoln, Nebraska, United States",165
TEI,Google Books,2014-01-01,"Lausanne, Switzerland",121
TEI,Google Books,2015-01-01,"Sydney, Australia",284
TEI,Google Books,2016-01-01,"Kraków, Poland",165
TEI,Google Books,2017-01-01,"Montréal, Canada",127
TEI,Google Books,2018-01-01,"Mexico City, Mexico",65
TEI,Google Books,2019-01-01,"Utrecht, Netherlands",284
TEI,Google Books,2020-01-01,"Ottawa, Ontario, Canada",37
TEI,Google Books,2022-01-01,"Tokyo, Japan",101
TEI,Neatline,2010-01-01,"London, England, United Kingdom",140
TEI,Neatline,2012-01-01,"Hamburg, Germany",183
TEI,Neatline,2013-01-01,"Lincoln, Nebraska, United States",176
TEI,Neatline,2014-01-01,"Lausanne, Switzerland",123
TEI,Neatline,2015-01-01,"Sydney, Australia",271
TEI,Neatline,2016-01-01,"Kraków, Poland",159
TEI,Neatline,2017-01-01,"Montréal, Canada",132
TEI,Neatline,2018-01-01,"Mexico City, Mexico",58
TEI,Neatline,2019-01-01,"Utrecht, Netherlands",281
TEI,Palladio,2015-01-01,"Sydney, Australia",287
TEI,Palladio,2016-01-01,"Kraków, Poland",152
TEI,Palladio,2017-01-01,"Montréal, Canada",125
TEI,Palladio,2018-01-01,"Mexico City, Mexico",56
TEI,Palladio,2019-01-01,"Utrecht, Netherlands",281
TEI,Palladio,2020-01-01,"Ottawa, Ontario, Canada",37
TEI,Python,2000-01-01,"Glasgow, Scotland, United Kingdom",64
TEI,Python,2003-01-01,"Athens, Georgia, United States",84
TEI,Python,2004-01-01,"Gothenborg, Sweden",174
TEI,Python,2005-01-01,"Victoria, British Columbia, Canada",158
TEI,Python,2007-01-01,"Urbana-Champaign, Illinois, United States",115
TEI,Python,2008-01-01,"Oulu, Finland",155
TEI,Python,2009-01-01,"College Park, Maryland, United States",148
TEI,Python,2010-01-01,"London, England, United Kingdom",139
TEI,Python,2011-01-01,"Stanford, California, United States",90
TEI,Python,2012-01-01,"Hamburg, Germany",153
TEI,Python,2013-01-01,"Lincoln, Nebraska, United States",168
TEI,Python,2014-01-01,"Lausanne, Switzerland",119
TEI,Python,2015-01-01,"Sydney, Australia",280
TEI,Python,2016-01-01,"Kraków, Poland",160
TEI,Python,2017-01-01,"Montréal, Canada",145
TEI,Python,2018-01-01,"Mexico City, Mexico",75
TEI,Python,2019-01-01,"Utrecht, Netherlands",290
TEI,Python,2020-01-01,"Ottawa, Ontario, Canada",47
TEI,Python,2022-01-01,"Tokyo, Japan",129
TEI,Scalar,2012-01-01,"Hamburg, Germany",161
TEI,Scalar,2013-01-01,"Lincoln, Nebraska, United States",163
TEI,Scalar,2014-01-01,"Lausanne, Switzerland",118
TEI,Scalar,2015-01-01,"Sydney, Australia",272
TEI,Scalar,2016-01-01,"Kraków, Poland",152
TEI,Scalar,2017-01-01,"Montréal, Canada",130
TEI,Scalar,2018-01-01,"Mexico City, Mexico",59
TEI,Scalar,2019-01-01,"Utrecht, Netherlands",283
TEI,Scalar,2022-01-01,"Tokyo, Japan",99
TEI,StoryMapJS,2018-01-01,"Mexico City, Mexico",57
TEI,Twitter,2009-01-01,"College Park, Maryland, United States",146
TEI,Twitter,2010-01-01,"London, England, United Kingdom",157
TEI,Twitter,2011-01-01,"Stanford, California, United States",110
TEI,Twitter,2012-01-01,"Hamburg, Germany",153
TEI,Twitter,2013-01-01,"Lincoln, Nebraska, United States",178
TEI,Twitter,2014-01-01,"Lausanne, Switzerland",126
TEI,Twitter,2014-01-01,"New York, New York, United States",3
TEI,Twitter,2015-01-01,"Sydney, Australia",293
TEI,Twitter,2016-01-01,"Kraków, Poland",203
TEI,Twitter,2017-01-01,"Montréal, Canada",168
TEI,Twitter,2018-01-01,"Mexico City, Mexico",126
TEI,Twitter,2019-01-01,"Utrecht, Netherlands",281
TEI,Twitter,2020-01-01,"Ottawa, Ontario, Canada",62
TEI,Twitter,2022-01-01,"Tokyo, Japan",111
TEI,Voyant,2012-01-01,"Hamburg, Germany",162
TEI,Voyant,2013-01-01,"Lincoln, Nebraska, United States",203
TEI,Voyant,2014-01-01,"Lausanne, Switzerland",153
TEI,Voyant,2015-01-01,"Sydney, Australia",310
TEI,Voyant,2016-01-01,"Kraków, Poland",167
TEI,Voyant,2017-01-01,"Montréal, Canada",154
TEI,Voyant,2018-01-01,"Mexico City, Mexico",61
TEI,Voyant,2019-01-01,"Utrecht, Netherlands",289
TEI,Voyant,2020-01-01,"Ottawa, Ontario, Canada",37
TEI,Voyant,2022-01-01,"Tokyo, Japan",126
TEI,Voyant Tools,2013-01-01,"Lincoln, Nebraska, United States",165
TEI,Voyant Tools,2014-01-01,"Lausanne, Switzerland",121
TEI,Voyant Tools,2015-01-01,"Sydney, Australia",282
TEI,Voyant Tools,2016-01-01,"Kraków, Poland",159
TEI,Voyant Tools,2017-01-01,"Montréal, Canada",127
TEI,Voyant Tools,2018-01-01,"Mexico City, Mexico",61
TEI,Voyant Tools,2019-01-01,"Utrecht, Netherlands",286
TEI,Voyant Tools,2022-01-01,"Tokyo, Japan",106
TEI,WordPress,2009-01-01,"College Park, Maryland, United States",155
TEI,WordPress,2010-01-01,"London, England, United Kingdom",141
TEI,WordPress,2011-01-01,"Stanford, California, United States",92
TEI,WordPress,2012-01-01,"Hamburg, Germany",154
TEI,WordPress,2013-01-01,"Lincoln, Nebraska, United States",168
TEI,WordPress,2014-01-01,"Lausanne, Switzerland",118
TEI,WordPress,2015-01-01,"Sydney, Australia",273
TEI,WordPress,2016-01-01,"Kraków, Poland",154
TEI,WordPress,2017-01-01,"Montréal, Canada",130
TEI,WordPress,2018-01-01,"Mexico City, Mexico",58
TEI,WordPress,2019-01-01,"Utrecht, Netherlands",281
TEI,WordPress,2020-01-01,"Ottawa, Ontario, Canada",37
TEI,WordPress,2022-01-01,"Tokyo, Japan",101
TEI,Zotero,2007-01-01,"Urbana-Champaign, Illinois, United States",115
TEI,Zotero,2008-01-01,"Oulu, Finland",162
TEI,Zotero,2009-01-01,"College Park, Maryland, United States",182
TEI,Zotero,2010-01-01,"London, England, United Kingdom",141
TEI,Zotero,2011-01-01,"Stanford, California, United States",93
TEI,Zotero,2012-01-01,"Hamburg, Germany",151
TEI,Zotero,2013-01-01,"Lincoln, Nebraska, United States",169
TEI,Zotero,2014-01-01,"Lausanne, Switzerland",121
TEI,Zotero,2015-01-01,"Sydney, Australia",273
TEI,Zotero,2016-01-01,"Kraków, Poland",157
TEI,Zotero,2017-01-01,"Montréal, Canada",130
TEI,Zotero,2018-01-01,"Mexico City, Mexico",56
TEI,Zotero,2019-01-01,"Utrecht, Netherlands",281
TEI,Zotero,2022-01-01,"Tokyo, Japan",104
Twitter,Drupal,2009-01-01,"College Park, Maryland, United States",4
Twitter,Drupal,2010-01-01,"London, England, United Kingdom",23
Twitter,Drupal,2011-01-01,"Stanford, California, United States",22
Twitter,Drupal,2012-01-01,"Hamburg, Germany",14
Twitter,Drupal,2013-01-01,"Lincoln, Nebraska, United States",34
Twitter,Drupal,2014-01-01,"Lausanne, Switzerland",21
Twitter,Drupal,2015-01-01,"Sydney, Australia",24
Twitter,Drupal,2016-01-01,"Kraków, Poland",73
Twitter,Drupal,2017-01-01,"Montréal, Canada",47
Twitter,Drupal,2018-01-01,"Mexico City, Mexico",72
Twitter,Drupal,2019-01-01,"Utrecht, Netherlands",4
Twitter,Drupal,2020-01-01,"Ottawa, Ontario, Canada",34
Twitter,Drupal,2022-01-01,"Tokyo, Japan",16
Twitter,Gephi,2011-01-01,"Stanford, California, United States",24
Twitter,Gephi,2012-01-01,"Hamburg, Germany",7
Twitter,Gephi,2013-01-01,"Lincoln, Nebraska, United States",33
Twitter,Gephi,2014-01-01,"Lausanne, Switzerland",24
Twitter,Gephi,2015-01-01,"Sydney, Australia",33
Twitter,Gephi,2016-01-01,"Kraków, Poland",74
Twitter,Gephi,2017-01-01,"Montréal, Canada",72
Twitter,Gephi,2018-01-01,"Mexico City, Mexico",78
Twitter,Gephi,2019-01-01,"Utrecht, Netherlands",13
Twitter,Gephi,2020-01-01,"Ottawa, Ontario, Canada",29
Twitter,Gephi,2022-01-01,"Tokyo, Japan",19
Twitter,Google Books,2009-01-01,"College Park, Maryland, United States",15
Twitter,Google Books,2010-01-01,"London, England, United Kingdom",20
Twitter,Google Books,2011-01-01,"Stanford, California, United States",33
Twitter,Google Books,2012-01-01,"Hamburg, Germany",18
Twitter,Google Books,2013-01-01,"Lincoln, Nebraska, United States",19
Twitter,Google Books,2014-01-01,"Lausanne, Switzerland",17
Twitter,Google Books,2015-01-01,"Sydney, Australia",37
Twitter,Google Books,2016-01-01,"Kraków, Poland",66
Twitter,Google Books,2017-01-01,"Montréal, Canada",47
Twitter,Google Books,2018-01-01,"Mexico City, Mexico",81
Twitter,Google Books,2019-01-01,"Utrecht, Netherlands",5
Twitter,Google Books,2020-01-01,"Ottawa, Ontario, Canada",27
Twitter,Google Books,2022-01-01,"Tokyo, Japan",16
Twitter,Neatline,2010-01-01,"London, England, United Kingdom",21
Twitter,Neatline,2012-01-01,"Hamburg, Germany",36
Twitter,Neatline,2013-01-01,"Lincoln, Nebraska, United States",30
Twitter,Neatline,2014-01-01,"Lausanne, Switzerland",19
Twitter,Neatline,2015-01-01,"Sydney, Australia",24
Twitter,Neatline,2016-01-01,"Kraków, Poland",60
Twitter,Neatline,2017-01-01,"Montréal, Canada",52
Twitter,Neatline,2018-01-01,"Mexico City, Mexico",74
Twitter,Neatline,2019-01-01,"Utrecht, Netherlands",2
Twitter,Palladio,2015-01-01,"Sydney, Australia",40
Twitter,Palladio,2016-01-01,"Kraków, Poland",53
Twitter,Palladio,2017-01-01,"Montréal, Canada",45
Twitter,Palladio,2018-01-01,"Mexico City, Mexico",72
Twitter,Palladio,2019-01-01,"Utrecht, Netherlands",2
Twitter,Palladio,2020-01-01,"Ottawa, Ontario, Canada",27
Twitter,Python,2009-01-01,"College Park, Maryland, United States",4
Twitter,Python,2010-01-01,"London, England, United Kingdom",20
Twitter,Python,2011-01-01,"Stanford, California, United States",22
Twitter,Python,2012-01-01,"Hamburg, Germany",6
Twitter,Python,2013-01-01,"Lincoln, Nebraska, United States",22
Twitter,Python,2014-01-01,"Lausanne, Switzerland",15
Twitter,Python,2015-01-01,"Sydney, Australia",33
Twitter,Python,2016-01-01,"Kraków, Poland",61
Twitter,Python,2017-01-01,"Montréal, Canada",65
Twitter,Python,2018-01-01,"Mexico City, Mexico",91
Twitter,Python,2019-01-01,"Utrecht, Netherlands",11
Twitter,Python,2020-01-01,"Ottawa, Ontario, Canada",37
Twitter,Python,2022-01-01,"Tokyo, Japan",44
Twitter,Scalar,2012-01-01,"Hamburg, Germany",14
Twitter,Scalar,2013-01-01,"Lincoln, Nebraska, United States",17
Twitter,Scalar,2014-01-01,"Lausanne, Switzerland",14
Twitter,Scalar,2015-01-01,"Sydney, Australia",25
Twitter,Scalar,2016-01-01,"Kraków, Poland",53
Twitter,Scalar,2017-01-01,"Montréal, Canada",50
Twitter,Scalar,2018-01-01,"Mexico City, Mexico",75
Twitter,Scalar,2019-01-01,"Utrecht, Netherlands",4
Twitter,Scalar,2022-01-01,"Tokyo, Japan",14
Twitter,StoryMapJS,2018-01-01,"Mexico City, Mexico",73
Twitter,TEI,2009-01-01,"College Park, Maryland, United States",146
Twitter,TEI,2010-01-01,"London, England, United Kingdom",157
Twitter,TEI,2011-01-01,"Stanford, California, United States",110
Twitter,TEI,2012-01-01,"Hamburg, Germany",153
Twitter,TEI,2013-01-01,"Lincoln, Nebraska, United States",178
Twitter,TEI,2014-01-01,"Lausanne, Switzerland",126
Twitter,TEI,2014-01-01,"New York, New York, United States",3
Twitter,TEI,2015-01-01,"Sydney, Australia",293
Twitter,TEI,2016-01-01,"Kraków, Poland",203
Twitter,TEI,2017-01-01,"Montréal, Canada",168
Twitter,TEI,2018-01-01,"Mexico City, Mexico",126
Twitter,TEI,2019-01-01,"Utrecht, Netherlands",281
Twitter,TEI,2020-01-01,"Ottawa, Ontario, Canada",62
Twitter,TEI,2022-01-01,"Tokyo, Japan",111
Twitter,Voyant,2012-01-01,"Hamburg, Germany",15
Twitter,Voyant,2013-01-01,"Lincoln, Nebraska, United States",57
Twitter,Voyant,2014-01-01,"Lausanne, Switzerland",49
Twitter,Voyant,2015-01-01,"Sydney, Australia",63
Twitter,Voyant,2016-01-01,"Kraków, Poland",68
Twitter,Voyant,2017-01-01,"Montréal, Canada",74
Twitter,Voyant,2018-01-01,"Mexico City, Mexico",77
Twitter,Voyant,2019-01-01,"Utrecht, Netherlands",10
Twitter,Voyant,2020-01-01,"Ottawa, Ontario, Canada",27
Twitter,Voyant,2022-01-01,"Tokyo, Japan",41
Twitter,Voyant Tools,2013-01-01,"Lincoln, Nebraska, United States",19
Twitter,Voyant Tools,2014-01-01,"Lausanne, Switzerland",17
Twitter,Voyant Tools,2015-01-01,"Sydney, Australia",35
Twitter,Voyant Tools,2016-01-01,"Kraków, Poland",60
Twitter,Voyant Tools,2017-01-01,"Montréal, Canada",47
Twitter,Voyant Tools,2018-01-01,"Mexico City, Mexico",77
Twitter,Voyant Tools,2019-01-01,"Utrecht, Netherlands",7
Twitter,Voyant Tools,2022-01-01,"Tokyo, Japan",21
Twitter,WordPress,2009-01-01,"College Park, Maryland, United States",11
Twitter,WordPress,2010-01-01,"London, England, United Kingdom",22
Twitter,WordPress,2011-01-01,"Stanford, California, United States",24
Twitter,WordPress,2012-01-01,"Hamburg, Germany",7
Twitter,WordPress,2013-01-01,"Lincoln, Nebraska, United States",22
Twitter,WordPress,2014-01-01,"Lausanne, Switzerland",14
Twitter,WordPress,2015-01-01,"Sydney, Australia",26
Twitter,WordPress,2016-01-01,"Kraków, Poland",55
Twitter,WordPress,2017-01-01,"Montréal, Canada",50
Twitter,WordPress,2018-01-01,"Mexico City, Mexico",74
Twitter,WordPress,2019-01-01,"Utrecht, Netherlands",2
Twitter,WordPress,2020-01-01,"Ottawa, Ontario, Canada",27
Twitter,WordPress,2022-01-01,"Tokyo, Japan",16
Twitter,Zotero,2009-01-01,"College Park, Maryland, United States",38
Twitter,Zotero,2010-01-01,"London, England, United Kingdom",22
Twitter,Zotero,2011-01-01,"Stanford, California, United States",25
Twitter,Zotero,2012-01-01,"Hamburg, Germany",4
Twitter,Zotero,2013-01-01,"Lincoln, Nebraska, United States",23
Twitter,Zotero,2014-01-01,"Lausanne, Switzerland",17
Twitter,Zotero,2015-01-01,"Sydney, Australia",26
Twitter,Zotero,2016-01-01,"Kraków, Poland",58
Twitter,Zotero,2017-01-01,"Montréal, Canada",50
Twitter,Zotero,2018-01-01,"Mexico City, Mexico",72
Twitter,Zotero,2019-01-01,"Utrecht, Netherlands",2
Twitter,Zotero,2022-01-01,"Tokyo, Japan",19
Voyant,Drupal,2012-01-01,"Hamburg, Germany",23
Voyant,Drupal,2013-01-01,"Lincoln, Nebraska, United States",59
Voyant,Drupal,2014-01-01,"Lausanne, Switzerland",48
Voyant,Drupal,2015-01-01,"Sydney, Australia",41
Voyant,Drupal,2016-01-01,"Kraków, Poland",37
Voyant,Drupal,2017-01-01,"Montréal, Canada",33
Voyant,Drupal,2018-01-01,"Mexico City, Mexico",7
Voyant,Drupal,2019-01-01,"Utrecht, Netherlands",12
Voyant,Drupal,2020-01-01,"Ottawa, Ontario, Canada",9
Voyant,Drupal,2022-01-01,"Tokyo, Japan",31
Voyant,Gephi,2012-01-01,"Hamburg, Germany",16
Voyant,Gephi,2013-01-01,"Lincoln, Nebraska, United States",58
Voyant,Gephi,2014-01-01,"Lausanne, Switzerland",51
Voyant,Gephi,2015-01-01,"Sydney, Australia",50
Voyant,Gephi,2016-01-01,"Kraków, Poland",38
Voyant,Gephi,2017-01-01,"Montréal, Canada",58
Voyant,Gephi,2018-01-01,"Mexico City, Mexico",13
Voyant,Gephi,2019-01-01,"Utrecht, Netherlands",21
Voyant,Gephi,2020-01-01,"Ottawa, Ontario, Canada",4
Voyant,Gephi,2022-01-01,"Tokyo, Japan",34
Voyant,Google Books,2012-01-01,"Hamburg, Germany",27
Voyant,Google Books,2013-01-01,"Lincoln, Nebraska, United States",44
Voyant,Google Books,2014-01-01,"Lausanne, Switzerland",44
Voyant,Google Books,2015-01-01,"Sydney, Australia",54
Voyant,Google Books,2016-01-01,"Kraków, Poland",30
Voyant,Google Books,2017-01-01,"Montréal, Canada",33
Voyant,Google Books,2018-01-01,"Mexico City, Mexico",16
Voyant,Google Books,2019-01-01,"Utrecht, Netherlands",13
Voyant,Google Books,2020-01-01,"Ottawa, Ontario, Canada",2
Voyant,Google Books,2022-01-01,"Tokyo, Japan",31
Voyant,Neatline,2012-01-01,"Hamburg, Germany",45
Voyant,Neatline,2013-01-01,"Lincoln, Nebraska, United States",55
Voyant,Neatline,2014-01-01,"Lausanne, Switzerland",46
Voyant,Neatline,2015-01-01,"Sydney, Australia",41
Voyant,Neatline,2016-01-01,"Kraków, Poland",24
Voyant,Neatline,2017-01-01,"Montréal, Canada",38
Voyant,Neatline,2018-01-01,"Mexico City, Mexico",9
Voyant,Neatline,2019-01-01,"Utrecht, Netherlands",10
Voyant,Palladio,2015-01-01,"Sydney, Australia",57
Voyant,Palladio,2016-01-01,"Kraków, Poland",17
Voyant,Palladio,2017-01-01,"Montréal, Canada",31
Voyant,Palladio,2018-01-01,"Mexico City, Mexico",7
Voyant,Palladio,2019-01-01,"Utrecht, Netherlands",10
Voyant,Palladio,2020-01-01,"Ottawa, Ontario, Canada",2
Voyant,Python,2012-01-01,"Hamburg, Germany",15
Voyant,Python,2013-01-01,"Lincoln, Nebraska, United States",47
Voyant,Python,2014-01-01,"Lausanne, Switzerland",42
Voyant,Python,2015-01-01,"Sydney, Australia",50
Voyant,Python,2016-01-01,"Kraków, Poland",25
Voyant,Python,2017-01-01,"Montréal, Canada",51
Voyant,Python,2018-01-01,"Mexico City, Mexico",26
Voyant,Python,2019-01-01,"Utrecht, Netherlands",19
Voyant,Python,2020-01-01,"Ottawa, Ontario, Canada",12
Voyant,Python,2022-01-01,"Tokyo, Japan",59
Voyant,Scalar,2012-01-01,"Hamburg, Germany",23
Voyant,Scalar,2013-01-01,"Lincoln, Nebraska, United States",42
Voyant,Scalar,2014-01-01,"Lausanne, Switzerland",41
Voyant,Scalar,2015-01-01,"Sydney, Australia",42
Voyant,Scalar,2016-01-01,"Kraków, Poland",17
Voyant,Scalar,2017-01-01,"Montréal, Canada",36
Voyant,Scalar,2018-01-01,"Mexico City, Mexico",10
Voyant,Scalar,2019-01-01,"Utrecht, Netherlands",12
Voyant,Scalar,2022-01-01,"Tokyo, Japan",29
Voyant,StoryMapJS,2018-01-01,"Mexico City, Mexico",8
Voyant,TEI,2012-01-01,"Hamburg, Germany",162
Voyant,TEI,2013-01-01,"Lincoln, Nebraska, United States",203
Voyant,TEI,2014-01-01,"Lausanne, Switzerland",153
Voyant,TEI,2015-01-01,"Sydney, Australia",310
Voyant,TEI,2016-01-01,"Kraków, Poland",167
Voyant,TEI,2017-01-01,"Montréal, Canada",154
Voyant,TEI,2018-01-01,"Mexico City, Mexico",61
Voyant,TEI,2019-01-01,"Utrecht, Netherlands",289
Voyant,TEI,2020-01-01,"Ottawa, Ontario, Canada",37
Voyant,TEI,2022-01-01,"Tokyo, Japan",126
Voyant,Twitter,2012-01-01,"Hamburg, Germany",15
Voyant,Twitter,2013-01-01,"Lincoln, Nebraska, United States",57
Voyant,Twitter,2014-01-01,"Lausanne, Switzerland",49
Voyant,Twitter,2015-01-01,"Sydney, Australia",63
Voyant,Twitter,2016-01-01,"Kraków, Poland",68
Voyant,Twitter,2017-01-01,"Montréal, Canada",74
Voyant,Twitter,2018-01-01,"Mexico City, Mexico",77
Voyant,Twitter,2019-01-01,"Utrecht, Netherlands",10
Voyant,Twitter,2020-01-01,"Ottawa, Ontario, Canada",27
Voyant,Twitter,2022-01-01,"Tokyo, Japan",41
Voyant,Voyant Tools,2013-01-01,"Lincoln, Nebraska, United States",44
Voyant,Voyant Tools,2014-01-01,"Lausanne, Switzerland",44
Voyant,Voyant Tools,2015-01-01,"Sydney, Australia",52
Voyant,Voyant Tools,2016-01-01,"Kraków, Poland",24
Voyant,Voyant Tools,2017-01-01,"Montréal, Canada",33
Voyant,Voyant Tools,2018-01-01,"Mexico City, Mexico",12
Voyant,Voyant Tools,2019-01-01,"Utrecht, Netherlands",15
Voyant,Voyant Tools,2022-01-01,"Tokyo, Japan",36
Voyant,WordPress,2012-01-01,"Hamburg, Germany",16
Voyant,WordPress,2013-01-01,"Lincoln, Nebraska, United States",47
Voyant,WordPress,2014-01-01,"Lausanne, Switzerland",41
Voyant,WordPress,2015-01-01,"Sydney, Australia",43
Voyant,WordPress,2016-01-01,"Kraków, Poland",19
Voyant,WordPress,2017-01-01,"Montréal, Canada",36
Voyant,WordPress,2018-01-01,"Mexico City, Mexico",9
Voyant,WordPress,2019-01-01,"Utrecht, Netherlands",10
Voyant,WordPress,2020-01-01,"Ottawa, Ontario, Canada",2
Voyant,WordPress,2022-01-01,"Tokyo, Japan",31
Voyant,Zotero,2012-01-01,"Hamburg, Germany",13
Voyant,Zotero,2013-01-01,"Lincoln, Nebraska, United States",48
Voyant,Zotero,2014-01-01,"Lausanne, Switzerland",44
Voyant,Zotero,2015-01-01,"Sydney, Australia",43
Voyant,Zotero,2016-01-01,"Kraków, Poland",22
Voyant,Zotero,2017-01-01,"Montréal, Canada",36
Voyant,Zotero,2018-01-01,"Mexico City, Mexico",7
Voyant,Zotero,2019-01-01,"Utrecht, Netherlands",10
Voyant,Zotero,2022-01-01,"Tokyo, Japan",34
Voyant Tools,Drupal,2013-01-01,"Lincoln, Nebraska, United States",21
Voyant Tools,Drupal,2014-01-01,"Lausanne, Switzerland",16
Voyant Tools,Drupal,2015-01-01,"Sydney, Australia",13
Voyant Tools,Drupal,2016-01-01,"Kraków, Poland",29
Voyant Tools,Drupal,2017-01-01,"Montréal, Canada",6
Voyant Tools,Drupal,2018-01-01,"Mexico City, Mexico",7
Voyant Tools,Drupal,2019-01-01,"Utrecht, Netherlands",9
Voyant Tools,Drupal,2022-01-01,"Tokyo, Japan",11
Voyant Tools,Gephi,2013-01-01,"Lincoln, Nebraska, United States",20
Voyant Tools,Gephi,2014-01-01,"Lausanne, Switzerland",19
Voyant Tools,Gephi,2015-01-01,"Sydney, Australia",22
Voyant Tools,Gephi,2016-01-01,"Kraków, Poland",30
Voyant Tools,Gephi,2017-01-01,"Montréal, Canada",31
Voyant Tools,Gephi,2018-01-01,"Mexico City, Mexico",13
Voyant Tools,Gephi,2019-01-01,"Utrecht, Netherlands",18
Voyant Tools,Gephi,2022-01-01,"Tokyo, Japan",14
Voyant Tools,Google Books,2013-01-01,"Lincoln, Nebraska, United States",6
Voyant Tools,Google Books,2014-01-01,"Lausanne, Switzerland",12
Voyant Tools,Google Books,2015-01-01,"Sydney, Australia",26
Voyant Tools,Google Books,2016-01-01,"Kraków, Poland",22
Voyant Tools,Google Books,2017-01-01,"Montréal, Canada",6
Voyant Tools,Google Books,2018-01-01,"Mexico City, Mexico",16
Voyant Tools,Google Books,2019-01-01,"Utrecht, Netherlands",10
Voyant Tools,Google Books,2022-01-01,"Tokyo, Japan",11
Voyant Tools,Neatline,2013-01-01,"Lincoln, Nebraska, United States",17
Voyant Tools,Neatline,2014-01-01,"Lausanne, Switzerland",14
Voyant Tools,Neatline,2015-01-01,"Sydney, Australia",13
Voyant Tools,Neatline,2016-01-01,"Kraków, Poland",16
Voyant Tools,Neatline,2017-01-01,"Montréal, Canada",11
Voyant Tools,Neatline,2018-01-01,"Mexico City, Mexico",9
Voyant Tools,Neatline,2019-01-01,"Utrecht, Netherlands",7
Voyant Tools,Palladio,2015-01-01,"Sydney, Australia",29
Voyant Tools,Palladio,2016-01-01,"Kraków, Poland",9
Voyant Tools,Palladio,2017-01-01,"Montréal, Canada",4
Voyant Tools,Palladio,2018-01-01,"Mexico City, Mexico",7
Voyant Tools,Palladio,2019-01-01,"Utrecht, Netherlands",7
Voyant Tools,Python,2013-01-01,"Lincoln, Nebraska, United States",9
Voyant Tools,Python,2014-01-01,"Lausanne, Switzerland",10
Voyant Tools,Python,2015-01-01,"Sydney, Australia",22
Voyant Tools,Python,2016-01-01,"Kraków, Poland",17
Voyant Tools,Python,2017-01-01,"Montréal, Canada",24
Voyant Tools,Python,2018-01-01,"Mexico City, Mexico",26
Voyant Tools,Python,2019-01-01,"Utrecht, Netherlands",16
Voyant Tools,Python,2022-01-01,"Tokyo, Japan",39
Voyant Tools,Scalar,2013-01-01,"Lincoln, Nebraska, United States",4
Voyant Tools,Scalar,2014-01-01,"Lausanne, Switzerland",9
Voyant Tools,Scalar,2015-01-01,"Sydney, Australia",14
Voyant Tools,Scalar,2016-01-01,"Kraków, Poland",9
Voyant Tools,Scalar,2017-01-01,"Montréal, Canada",9
Voyant Tools,Scalar,2018-01-01,"Mexico City, Mexico",10
Voyant Tools,Scalar,2019-01-01,"Utrecht, Netherlands",9
Voyant Tools,Scalar,2022-01-01,"Tokyo, Japan",9
Voyant Tools,StoryMapJS,2018-01-01,"Mexico City, Mexico",8
Voyant Tools,TEI,2013-01-01,"Lincoln, Nebraska, United States",165
Voyant Tools,TEI,2014-01-01,"Lausanne, Switzerland",121
Voyant Tools,TEI,2015-01-01,"Sydney, Australia",282
Voyant Tools,TEI,2016-01-01,"Kraków, Poland",159
Voyant Tools,TEI,2017-01-01,"Montréal, Canada",127
Voyant Tools,TEI,2018-01-01,"Mexico City, Mexico",61
Voyant Tools,TEI,2019-01-01,"Utrecht, Netherlands",286
Voyant Tools,TEI,2022-01-01,"Tokyo, Japan",106
Voyant Tools,Twitter,2013-01-01,"Lincoln, Nebraska, United States",19
Voyant Tools,Twitter,2014-01-01,"Lausanne, Switzerland",17
Voyant Tools,Twitter,2015-01-01,"Sydney, Australia",35
Voyant Tools,Twitter,2016-01-01,"Kraków, Poland",60
Voyant Tools,Twitter,2017-01-01,"Montréal, Canada",47
Voyant Tools,Twitter,2018-01-01,"Mexico City, Mexico",77
Voyant Tools,Twitter,2019-01-01,"Utrecht, Netherlands",7
Voyant Tools,Twitter,2022-01-01,"Tokyo, Japan",21
Voyant Tools,Voyant,2013-01-01,"Lincoln, Nebraska, United States",44
Voyant Tools,Voyant,2014-01-01,"Lausanne, Switzerland",44
Voyant Tools,Voyant,2015-01-01,"Sydney, Australia",52
Voyant Tools,Voyant,2016-01-01,"Kraków, Poland",24
Voyant Tools,Voyant,2017-01-01,"Montréal, Canada",33
Voyant Tools,Voyant,2018-01-01,"Mexico City, Mexico",12
Voyant Tools,Voyant,2019-01-01,"Utrecht, Netherlands",15
Voyant Tools,Voyant,2022-01-01,"Tokyo, Japan",36
Voyant Tools,WordPress,2013-01-01,"Lincoln, Nebraska, United States",9
Voyant Tools,WordPress,2014-01-01,"Lausanne, Switzerland",9
Voyant Tools,WordPress,2015-01-01,"Sydney, Australia",15
Voyant Tools,WordPress,2016-01-01,"Kraków, Poland",11
Voyant Tools,WordPress,2017-01-01,"Montréal, Canada",9
Voyant Tools,WordPress,2018-01-01,"Mexico City, Mexico",9
Voyant Tools,WordPress,2019-01-01,"Utrecht, Netherlands",7
Voyant Tools,WordPress,2022-01-01,"Tokyo, Japan",11
Voyant Tools,Zotero,2013-01-01,"Lincoln, Nebraska, United States",10
Voyant Tools,Zotero,2014-01-01,"Lausanne, Switzerland",12
Voyant Tools,Zotero,2015-01-01,"Sydney, Australia",15
Voyant Tools,Zotero,2016-01-01,"Kraków, Poland",14
Voyant Tools,Zotero,2017-01-01,"Montréal, Canada",9
Voyant Tools,Zotero,2018-01-01,"Mexico City, Mexico",7
Voyant Tools,Zotero,2019-01-01,"Utrecht, Netherlands",7
Voyant Tools,Zotero,2022-01-01,"Tokyo, Japan",14
WordPress,Drupal,2009-01-01,"College Park, Maryland, United States",13
WordPress,Drupal,2010-01-01,"London, England, United Kingdom",7
WordPress,Drupal,2011-01-01,"Stanford, California, United States",4
WordPress,Drupal,2012-01-01,"Hamburg, Germany",15
WordPress,Drupal,2013-01-01,"Lincoln, Nebraska, United States",24
WordPress,Drupal,2014-01-01,"Lausanne, Switzerland",13
WordPress,Drupal,2015-01-01,"Sydney, Australia",4
WordPress,Drupal,2016-01-01,"Kraków, Poland",24
WordPress,Drupal,2017-01-01,"Montréal, Canada",9
WordPress,Drupal,2018-01-01,"Mexico City, Mexico",4
WordPress,Drupal,2019-01-01,"Utrecht, Netherlands",4
WordPress,Drupal,2020-01-01,"Ottawa, Ontario, Canada",9
WordPress,Drupal,2022-01-01,"Tokyo, Japan",6
WordPress,Gephi,2011-01-01,"Stanford, California, United States",6
WordPress,Gephi,2012-01-01,"Hamburg, Germany",8
WordPress,Gephi,2013-01-01,"Lincoln, Nebraska, United States",23
WordPress,Gephi,2014-01-01,"Lausanne, Switzerland",16
WordPress,Gephi,2015-01-01,"Sydney, Australia",13
WordPress,Gephi,2016-01-01,"Kraków, Poland",25
WordPress,Gephi,2017-01-01,"Montréal, Canada",34
WordPress,Gephi,2018-01-01,"Mexico City, Mexico",10
WordPress,Gephi,2019-01-01,"Utrecht, Netherlands",13
WordPress,Gephi,2020-01-01,"Ottawa, Ontario, Canada",4
WordPress,Gephi,2022-01-01,"Tokyo, Japan",9
WordPress,Google Books,2009-01-01,"College Park, Maryland, United States",24
WordPress,Google Books,2010-01-01,"London, England, United Kingdom",4
WordPress,Google Books,2011-01-01,"Stanford, California, United States",15
WordPress,Google Books,2012-01-01,"Hamburg, Germany",19
WordPress,Google Books,2013-01-01,"Lincoln, Nebraska, United States",9
WordPress,Google Books,2014-01-01,"Lausanne, Switzerland",9
WordPress,Google Books,2015-01-01,"Sydney, Australia",17
WordPress,Google Books,2016-01-01,"Kraków, Poland",17
WordPress,Google Books,2017-01-01,"Montréal, Canada",9
WordPress,Google Books,2018-01-01,"Mexico City, Mexico",13
WordPress,Google Books,2019-01-01,"Utrecht, Netherlands",5
WordPress,Google Books,2020-01-01,"Ottawa, Ontario, Canada",2
WordPress,Google Books,2022-01-01,"Tokyo, Japan",6
WordPress,Neatline,2010-01-01,"London, England, United Kingdom",5
WordPress,Neatline,2012-01-01,"Hamburg, Germany",37
WordPress,Neatline,2013-01-01,"Lincoln, Nebraska, United States",20
WordPress,Neatline,2014-01-01,"Lausanne, Switzerland",11
WordPress,Neatline,2015-01-01,"Sydney, Australia",4
WordPress,Neatline,2016-01-01,"Kraków, Poland",11
WordPress,Neatline,2017-01-01,"Montréal, Canada",14
WordPress,Neatline,2018-01-01,"Mexico City, Mexico",6
WordPress,Neatline,2019-01-01,"Utrecht, Netherlands",2
WordPress,Palladio,2015-01-01,"Sydney, Australia",20
WordPress,Palladio,2016-01-01,"Kraków, Poland",4
WordPress,Palladio,2017-01-01,"Montréal, Canada",7
WordPress,Palladio,2018-01-01,"Mexico City, Mexico",4
WordPress,Palladio,2019-01-01,"Utrecht, Netherlands",2
WordPress,Palladio,2020-01-01,"Ottawa, Ontario, Canada",2
WordPress,Python,2009-01-01,"College Park, Maryland, United States",13
WordPress,Python,2010-01-01,"London, England, United Kingdom",4
WordPress,Python,2011-01-01,"Stanford, California, United States",4
WordPress,Python,2012-01-01,"Hamburg, Germany",7
WordPress,Python,2013-01-01,"Lincoln, Nebraska, United States",12
WordPress,Python,2014-01-01,"Lausanne, Switzerland",7
WordPress,Python,2015-01-01,"Sydney, Australia",13
WordPress,Python,2016-01-01,"Kraków, Poland",12
WordPress,Python,2017-01-01,"Montréal, Canada",27
WordPress,Python,2018-01-01,"Mexico City, Mexico",23
WordPress,Python,2019-01-01,"Utrecht, Netherlands",11
WordPress,Python,2020-01-01,"Ottawa, Ontario, Canada",12
WordPress,Python,2022-01-01,"Tokyo, Japan",34
WordPress,Scalar,2012-01-01,"Hamburg, Germany",15
WordPress,Scalar,2013-01-01,"Lincoln, Nebraska, United States",7
WordPress,Scalar,2014-01-01,"Lausanne, Switzerland",6
WordPress,Scalar,2015-01-01,"Sydney, Australia",5
WordPress,Scalar,2016-01-01,"Kraków, Poland",4
WordPress,Scalar,2017-01-01,"Montréal, Canada",12
WordPress,Scalar,2018-01-01,"Mexico City, Mexico",7
WordPress,Scalar,2019-01-01,"Utrecht, Netherlands",4
WordPress,Scalar,2022-01-01,"Tokyo, Japan",4
WordPress,StoryMapJS,2018-01-01,"Mexico City, Mexico",5
WordPress,TEI,2009-01-01,"College Park, Maryland, United States",155
WordPress,TEI,2010-01-01,"London, England, United Kingdom",141
WordPress,TEI,2011-01-01,"Stanford, California, United States",92
WordPress,TEI,2012-01-01,"Hamburg, Germany",154
WordPress,TEI,2013-01-01,"Lincoln, Nebraska, United States",168
WordPress,TEI,2014-01-01,"Lausanne, Switzerland",118
WordPress,TEI,2015-01-01,"Sydney, Australia",273
WordPress,TEI,2016-01-01,"Kraków, Poland",154
WordPress,TEI,2017-01-01,"Montréal, Canada",130
WordPress,TEI,2018-01-01,"Mexico City, Mexico",58
WordPress,TEI,2019-01-01,"Utrecht, Netherlands",281
WordPress,TEI,2020-01-01,"Ottawa, Ontario, Canada",37
WordPress,TEI,2022-01-01,"Tokyo, Japan",101
WordPress,Twitter,2009-01-01,"College Park, Maryland, United States",11
WordPress,Twitter,2010-01-01,"London, England, United Kingdom",22
WordPress,Twitter,2011-01-01,"Stanford, California, United States",24
WordPress,Twitter,2012-01-01,"Hamburg, Germany",7
WordPress,Twitter,2013-01-01,"Lincoln, Nebraska, United States",22
WordPress,Twitter,2014-01-01,"Lausanne, Switzerland",14
WordPress,Twitter,2015-01-01,"Sydney, Australia",26
WordPress,Twitter,2016-01-01,"Kraków, Poland",55
WordPress,Twitter,2017-01-01,"Montréal, Canada",50
WordPress,Twitter,2018-01-01,"Mexico City, Mexico",74
WordPress,Twitter,2019-01-01,"Utrecht, Netherlands",2
WordPress,Twitter,2020-01-01,"Ottawa, Ontario, Canada",27
WordPress,Twitter,2022-01-01,"Tokyo, Japan",16
WordPress,Voyant,2012-01-01,"Hamburg, Germany",16
WordPress,Voyant,2013-01-01,"Lincoln, Nebraska, United States",47
WordPress,Voyant,2014-01-01,"Lausanne, Switzerland",41
WordPress,Voyant,2015-01-01,"Sydney, Australia",43
WordPress,Voyant,2016-01-01,"Kraków, Poland",19
WordPress,Voyant,2017-01-01,"Montréal, Canada",36
WordPress,Voyant,2018-01-01,"Mexico City, Mexico",9
WordPress,Voyant,2019-01-01,"Utrecht, Netherlands",10
WordPress,Voyant,2020-01-01,"Ottawa, Ontario, Canada",2
WordPress,Voyant,2022-01-01,"Tokyo, Japan",31
WordPress,Voyant Tools,2013-01-01,"Lincoln, Nebraska, United States",9
WordPress,Voyant Tools,2014-01-01,"Lausanne, Switzerland",9
WordPress,Voyant Tools,2015-01-01,"Sydney, Australia",15
WordPress,Voyant Tools,2016-01-01,"Kraków, Poland",11
WordPress,Voyant Tools,2017-01-01,"Montréal, Canada",9
WordPress,Voyant Tools,2018-01-01,"Mexico City, Mexico",9
WordPress,Voyant Tools,2019-01-01,"Utrecht, Netherlands",7
WordPress,Voyant Tools,2022-01-01,"Tokyo, Japan",11
WordPress,Zotero,2009-01-01,"College Park, Maryland, United States",47
WordPress,Zotero,2010-01-01,"London, England, United Kingdom",6
WordPress,Zotero,2011-01-01,"Stanford, California, United States",7
WordPress,Zotero,2012-01-01,"Hamburg, Germany",5
WordPress,Zotero,2013-01-01,"Lincoln, Nebraska, United States",13
WordPress,Zotero,2014-01-01,"Lausanne, Switzerland",9
WordPress,Zotero,2015-01-01,"Sydney, Australia",6
WordPress,Zotero,2016-01-01,"Kraków, Poland",9
WordPress,Zotero,2017-01-01,"Montréal, Canada",12
WordPress,Zotero,2018-01-01,"Mexico City, Mexico",4
WordPress,Zotero,2019-01-01,"Utrecht, Netherlands",2
WordPress,Zotero,2022-01-01,"Tokyo, Japan",9
Zotero,Drupal,2009-01-01,"College Park, Maryland, United States",40
Zotero,Drupal,2010-01-01,"London, England, United Kingdom",7
Zotero,Drupal,2011-01-01,"Stanford, California, United States",5
Zotero,Drupal,2012-01-01,"Hamburg, Germany",12
Zotero,Drupal,2013-01-01,"Lincoln, Nebraska, United States",25
Zotero,Drupal,2014-01-01,"Lausanne, Switzerland",16
Zotero,Drupal,2015-01-01,"Sydney, Australia",4
Zotero,Drupal,2016-01-01,"Kraków, Poland",27
Zotero,Drupal,2017-01-01,"Montréal, Canada",9
Zotero,Drupal,2018-01-01,"Mexico City, Mexico",2
Zotero,Drupal,2019-01-01,"Utrecht, Netherlands",4
Zotero,Drupal,2022-01-01,"Tokyo, Japan",9
Zotero,Gephi,2011-01-01,"Stanford, California, United States",7
Zotero,Gephi,2012-01-01,"Hamburg, Germany",5
Zotero,Gephi,2013-01-01,"Lincoln, Nebraska, United States",24
Zotero,Gephi,2014-01-01,"Lausanne, Switzerland",19
Zotero,Gephi,2015-01-01,"Sydney, Australia",13
Zotero,Gephi,2016-01-01,"Kraków, Poland",28
Zotero,Gephi,2017-01-01,"Montréal, Canada",34
Zotero,Gephi,2018-01-01,"Mexico City, Mexico",8
Zotero,Gephi,2019-01-01,"Utrecht, Netherlands",13
Zotero,Gephi,2022-01-01,"Tokyo, Japan",12
Zotero,Google Books,2008-01-01,"Oulu, Finland",12
Zotero,Google Books,2009-01-01,"College Park, Maryland, United States",51
Zotero,Google Books,2010-01-01,"London, England, United Kingdom",4
Zotero,Google Books,2011-01-01,"Stanford, California, United States",16
Zotero,Google Books,2012-01-01,"Hamburg, Germany",16
Zotero,Google Books,2013-01-01,"Lincoln, Nebraska, United States",10
Zotero,Google Books,2014-01-01,"Lausanne, Switzerland",12
Zotero,Google Books,2015-01-01,"Sydney, Australia",17
Zotero,Google Books,2016-01-01,"Kraków, Poland",20
Zotero,Google Books,2017-01-01,"Montréal, Canada",9
Zotero,Google Books,2018-01-01,"Mexico City, Mexico",11
Zotero,Google Books,2019-01-01,"Utrecht, Netherlands",5
Zotero,Google Books,2022-01-01,"Tokyo, Japan",9
Zotero,Neatline,2010-01-01,"London, England, United Kingdom",5
Zotero,Neatline,2012-01-01,"Hamburg, Germany",34
Zotero,Neatline,2013-01-01,"Lincoln, Nebraska, United States",21
Zotero,Neatline,2014-01-01,"Lausanne, Switzerland",14
Zotero,Neatline,2015-01-01,"Sydney, Australia",4
Zotero,Neatline,2016-01-01,"Kraków, Poland",14
Zotero,Neatline,2017-01-01,"Montréal, Canada",14
Zotero,Neatline,2018-01-01,"Mexico City, Mexico",4
Zotero,Neatline,2019-01-01,"Utrecht, Netherlands",2
Zotero,Palladio,2015-01-01,"Sydney, Australia",20
Zotero,Palladio,2016-01-01,"Kraków, Poland",7
Zotero,Palladio,2017-01-01,"Montréal, Canada",7
Zotero,Palladio,2018-01-01,"Mexico City, Mexico",2
Zotero,Palladio,2019-01-01,"Utrecht, Netherlands",2
Zotero,Python,2007-01-01,"Urbana-Champaign, Illinois, United States",2
Zotero,Python,2008-01-01,"Oulu, Finland",9
Zotero,Python,2009-01-01,"College Park, Maryland, United States",40
Zotero,Python,2010-01-01,"London, England, United Kingdom",4
Zotero,Python,2011-01-01,"Stanford, California, United States",5
Zotero,Python,2012-01-01,"Hamburg, Germany",4
Zotero,Python,2013-01-01,"Lincoln, Nebraska, United States",13
Zotero,Python,2014-01-01,"Lausanne, Switzerland",10
Zotero,Python,2015-01-01,"Sydney, Australia",13
Zotero,Python,2016-01-01,"Kraków, Poland",15
Zotero,Python,2017-01-01,"Montréal, Canada",27
Zotero,Python,2018-01-01,"Mexico City, Mexico",21
Zotero,Python,2019-01-01,"Utrecht, Netherlands",11
Zotero,Python,2022-01-01,"Tokyo, Japan",37
Zotero,Scalar,2012-01-01,"Hamburg, Germany",12
Zotero,Scalar,2013-01-01,"Lincoln, Nebraska, United States",8
Zotero,Scalar,2014-01-01,"Lausanne, Switzerland",9
Zotero,Scalar,2015-01-01,"Sydney, Australia",5
Zotero,Scalar,2016-01-01,"Kraków, Poland",7
Zotero,Scalar,2017-01-01,"Montréal, Canada",12
Zotero,Scalar,2018-01-01,"Mexico City, Mexico",5
Zotero,Scalar,2019-01-01,"Utrecht, Netherlands",4
Zotero,Scalar,2022-01-01,"Tokyo, Japan",7
Zotero,StoryMapJS,2018-01-01,"Mexico City, Mexico",3
Zotero,TEI,2007-01-01,"Urbana-Champaign, Illinois, United States",115
Zotero,TEI,2008-01-01,"Oulu, Finland",162
Zotero,TEI,2009-01-01,"College Park, Maryland, United States",182
Zotero,TEI,2010-01-01,"London, England, United Kingdom",141
Zotero,TEI,2011-01-01,"Stanford, California, United States",93
Zotero,TEI,2012-01-01,"Hamburg, Germany",151
Zotero,TEI,2013-01-01,"Lincoln, Nebraska, United States",169
Zotero,TEI,2014-01-01,"Lausanne, Switzerland",121
Zotero,TEI,2015-01-01,"Sydney, Australia",273
Zotero,TEI,2016-01-01,"Kraków, Poland",157
Zotero,TEI,2017-01-01,"Montréal, Canada",130
Zotero,TEI,2018-01-01,"Mexico City, Mexico",56
Zotero,TEI,2019-01-01,"Utrecht, Netherlands",281
Zotero,TEI,2022-01-01,"Tokyo, Japan",104
Zotero,Twitter,2009-01-01,"College Park, Maryland, United States",38
Zotero,Twitter,2010-01-01,"London, England, United Kingdom",22
Zotero,Twitter,2011-01-01,"Stanford, California, United States",25
Zotero,Twitter,2012-01-01,"Hamburg, Germany",4
Zotero,Twitter,2013-01-01,"Lincoln, Nebraska, United States",23
Zotero,Twitter,2014-01-01,"Lausanne, Switzerland",17
Zotero,Twitter,2015-01-01,"Sydney, Australia",26
Zotero,Twitter,2016-01-01,"Kraków, Poland",58
Zotero,Twitter,2017-01-01,"Montréal, Canada",50
Zotero,Twitter,2018-01-01,"Mexico City, Mexico",72
Zotero,Twitter,2019-01-01,"Utrecht, Netherlands",2
Zotero,Twitter,2022-01-01,"Tokyo, Japan",19
Zotero,Voyant,2012-01-01,"Hamburg, Germany",13
Zotero,Voyant,2013-01-01,"Lincoln, Nebraska, United States",48
Zotero,Voyant,2014-01-01,"Lausanne, Switzerland",44
Zotero,Voyant,2015-01-01,"Sydney, Australia",43
Zotero,Voyant,2016-01-01,"Kraków, Poland",22
Zotero,Voyant,2017-01-01,"Montréal, Canada",36
Zotero,Voyant,2018-01-01,"Mexico City, Mexico",7
Zotero,Voyant,2019-01-01,"Utrecht, Netherlands",10
Zotero,Voyant,2022-01-01,"Tokyo, Japan",34
Zotero,Voyant Tools,2013-01-01,"Lincoln, Nebraska, United States",10
Zotero,Voyant Tools,2014-01-01,"Lausanne, Switzerland",12
Zotero,Voyant Tools,2015-01-01,"Sydney, Australia",15
Zotero,Voyant Tools,2016-01-01,"Kraków, Poland",14
Zotero,Voyant Tools,2017-01-01,"Montréal, Canada",9
Zotero,Voyant Tools,2018-01-01,"Mexico City, Mexico",7
Zotero,Voyant Tools,2019-01-01,"Utrecht, Netherlands",7
Zotero,Voyant Tools,2022-01-01,"Tokyo, Japan",14
Zotero,WordPress,2009-01-01,"College Park, Maryland, United States",47
Zotero,WordPress,2010-01-01,"London, England, United Kingdom",6
Zotero,WordPress,2011-01-01,"Stanford, California, United States",7
Zotero,WordPress,2012-01-01,"Hamburg, Germany",5
Zotero,WordPress,2013-01-01,"Lincoln, Nebraska, United States",13
Zotero,WordPress,2014-01-01,"Lausanne, Switzerland",9
Zotero,WordPress,2015-01-01,"Sydney, Australia",6
Zotero,WordPress,2016-01-01,"Kraków, Poland",9
Zotero,WordPress,2017-01-01,"Montréal, Canada",12
Zotero,WordPress,2018-01-01,"Mexico City, Mexico",4
Zotero,WordPress,2019-01-01,"Utrecht, Netherlands",2
Zotero,WordPress,2022-01-01,"Tokyo, Japan",9
